,Load (lbf),Resistance (Ohms)
0,0.006,165752.892
1,0.006,165787.214
2,0.006,165899.768
3,0.006,165973.12
4,0.006,165960.842
5,0.006,166146.46
6,0.006,166313.451
7,0.006,166054.808
8,0.006,166013.245
9,0.006,166070.308
10,0.006,166288.743
11,0.006,165830.598
12,0.006,166146.824
13,0.006,166368.169
14,0.006,166098.665
15,0.006,166179.42
16,0.006,166417.725
17,0.006,166205.636
18,0.006,166037.61
19,0.006,166140.488
20,0.006,166125.724
21,0.006,166418.158
22,0.006,166165.434
23,0.006,166086.071
24,0.006,166032.213
25,0.006,166162.265
26,0.006,165087.441
27,0.006,165374.771
28,0.006,165437.144
29,0.006,165125.376
30,0.005,165320.836
31,0.005,165410.109
32,0.005,165109.249
33,0.005,165459.141
34,0.006,165538.551
35,0.006,165634.737
36,0.006,165575.507
37,0.006,165562.663
38,0.006,165721.568
39,0.006,165987.556
40,0.006,165305.761
41,0.006,165572.638
42,0.006,164868.537
43,0.006,164902.435
44,0.006,164861.304
45,0.006,165293.664
46,0.006,165386.057
47,0.006,165151.068
48,0.006,165155.466
49,0.006,164761.947
50,0.006,165166.427
51,0.006,165077.269
52,0.006,164766.735
53,0.006,165009.186
54,0.006,164584.088
55,0.006,164413.904
56,0.006,164718.516
57,0.006,164625.061
58,0.006,164930.011
59,0.006,165067.746
60,0.006,164948.226
61,0.006,164010.837
62,0.006,164369.978
63,0.006,164773.749
64,0.006,164310.625
65,0.006,164655.265
66,0.006,164707.808
67,0.006,164702.802
68,0.006,164869.814
69,0.006,165475.0
70,0.006,165441.085
71,0.006,165618.837
72,0.006,165936.476
73,0.006,165448.708
74,0.006,165260.236
75,0.006,164204.195
76,0.006,163006.967
77,0.006,162974.137
78,0.006,162820.83
79,0.006,163153.467
80,0.006,164254.462
81,0.006,164036.046
82,0.006,164632.645
83,0.006,164559.912
84,0.006,164353.16
85,0.006,164963.958
86,0.006,164503.053
87,0.006,164553.876
88,0.006,164565.663
89,0.006,164235.634
90,0.006,164473.47
91,0.006,164633.217
92,0.006,164173.672
93,0.006,164470.193
94,0.006,164748.634
95,0.006,165115.628
96,0.006,165371.263
97,0.006,165065.508
98,0.006,165039.557
99,0.006,164750.405
100,0.006,164855.627
101,0.006,164988.609
102,0.006,164920.346
103,0.006,165578.492
104,0.006,165124.12
105,0.006,165030.897
106,0.006,165396.835
107,0.006,146288.907
108,0.006,68853.3616
109,0.304,72849.2344
110,0.285,73903.8539
111,0.243,73605.8477
112,0.242,70728.6427
113,0.27,69726.4933
114,0.282,68808.7439
115,0.287,68204.7949
116,0.288,67239.678
117,0.291,66760.0192
118,0.295,66083.9636
119,0.301,65641.9438
120,0.306,63275.2006
121,0.313,62730.1245
122,0.324,62100.697
123,0.33,61582.336
124,0.337,60482.5339
125,0.341,59799.5557
126,0.346,59005.0891
127,0.348,58788.7816
128,0.35,58336.898
129,0.354,58041.3583
130,0.359,56484.3024
131,0.362,55619.6171
132,0.366,54366.763
133,0.371,53543.8671
134,0.374,53106.6449
135,0.378,52516.6731
136,0.383,52170.0091
137,0.386,51031.0112
138,0.391,50438.3062
139,0.397,49601.2976
140,0.401,48911.8629
141,0.408,48071.9298
142,0.414,47618.7127
143,0.422,47460.754
144,0.427,46345.3418
145,0.433,45429.2713
146,0.439,44731.7381
147,0.445,44123.6729
148,0.452,43613.812
149,0.459,42859.178
150,0.464,42593.401
151,0.47,42195.0989
152,0.477,41862.2935
153,0.479,41574.3674
154,0.484,41298.2165
155,0.488,41059.9546
156,0.491,40193.7508
157,0.496,39447.0169
158,0.502,39162.0899
159,0.507,38899.6902
160,0.514,38231.4449
161,0.517,37432.6326
162,0.523,36934.8154
163,0.53,36329.3263
164,0.539,35728.0886
165,0.545,35401.2622
166,0.551,35172.1435
167,0.556,34641.0174
168,0.56,34038.2149
169,0.567,33502.1225
170,0.57,33035.9469
171,0.575,32633.8782
172,0.583,32249.6332
173,0.587,31704.1988
174,0.595,31581.3733
175,0.599,31287.5961
176,0.604,30588.7148
177,0.612,30239.173
178,0.618,29889.8953
179,0.624,29671.5562
180,0.63,29224.7011
181,0.635,28931.326
182,0.639,28644.3192
183,0.646,28244.1296
184,0.653,28100.5081
185,0.658,28064.5641
186,0.663,27844.9943
187,0.665,27676.1428
188,0.671,27426.9336
189,0.677,26880.5007
190,0.683,26583.2774
191,0.691,26557.206
192,0.697,26222.4146
193,0.705,26007.8639
194,0.71,25889.4631
195,0.717,25844.4976
196,0.722,25434.4671
197,0.73,25313.1321
198,0.735,25242.7356
199,0.74,24842.431
200,0.746,24638.5513
201,0.75,24319.865
202,0.754,24290.7524
203,0.759,24065.2375
204,0.762,24025.5338
205,0.766,23803.1326
206,0.772,23736.3594
207,0.775,23253.2577
208,0.781,23170.5591
209,0.789,22995.0438
210,0.795,22790.8411
211,0.804,22689.2542
212,0.81,22560.4946
213,0.815,22456.1252
214,0.819,22283.9515
215,0.825,22150.6429
216,0.831,21752.4716
217,0.839,21712.3624
218,0.845,21490.7626
219,0.851,21301.8479
220,0.856,21136.3199
221,0.86,20968.5244
222,0.867,21036.6695
223,0.871,20601.2065
224,0.876,20412.021
225,0.883,20279.5124
226,0.889,20055.207
227,0.895,19707.0463
228,0.901,19792.9685
229,0.905,19538.6421
230,0.909,19431.4554
231,0.913,19530.1716
232,0.915,19213.8496
233,0.921,19140.4547
234,0.93,18894.9758
235,0.937,18619.5824
236,0.943,18756.7378
237,0.948,18438.9948
238,0.958,18406.1485
239,0.963,18377.519
240,0.97,18174.4439
241,0.974,18124.9578
242,0.978,18014.0206
243,0.982,17821.6017
244,0.987,17644.11
245,0.991,17346.7038
246,0.999,17441.0736
247,1.007,16992.0212
248,1.017,16983.2888
249,1.022,16786.677
250,1.028,16845.5665
251,1.033,16544.3056
252,1.04,16662.2039
253,1.046,16465.0295
254,1.052,16212.3614
255,1.057,16324.5757
256,1.062,16092.7097
257,1.066,16034.9876
258,1.075,15888.2705
259,1.082,15729.0243
260,1.087,15786.8053
261,1.091,15655.3421
262,1.093,15729.4527
263,1.096,15554.4788
264,1.105,15293.6343
265,1.113,15250.2015
266,1.12,15222.0049
267,1.123,15351.329
268,1.126,15183.861
269,1.131,15137.4213
270,1.136,15010.8761
271,1.144,14737.5576
272,1.158,14704.3313
273,1.168,14566.9829
274,1.174,14407.3805
275,1.181,14334.2441
276,1.185,14201.4875
277,1.19,14075.4789
278,1.193,14164.435
279,1.196,13910.8227
280,1.202,13738.2339
281,1.206,13768.9761
282,1.21,13836.0854
283,1.219,13587.9249
284,1.226,13679.1199
285,1.232,13479.5844
286,1.238,13684.5852
287,1.241,13440.7059
288,1.247,13539.5083
289,1.255,13439.9538
290,1.262,13329.2478
291,1.271,13151.903
292,1.274,13238.2912
293,1.278,13211.9464
294,1.284,13014.8049
295,1.285,12879.0388
296,1.287,12814.5956
297,1.29,12813.3111
298,1.295,12741.8807
299,1.3,12633.261
300,1.307,12727.0901
301,1.317,12528.294
302,1.323,12594.8908
303,1.332,12508.3501
304,1.34,12270.7545
305,1.346,12228.948
306,1.351,12293.5684
307,1.354,12363.0526
308,1.358,12106.8571
309,1.36,12044.8343
310,1.366,12104.0272
311,1.373,11905.4217
312,1.378,11967.3337
313,1.386,11862.9353
314,1.391,11686.4255
315,1.396,11664.5959
316,1.403,11794.7497
317,1.407,11524.798
318,1.415,11534.6237
319,1.422,11407.8491
320,1.429,11400.4014
321,1.436,11315.7361
322,1.441,11374.9754
323,1.444,11275.7206
324,1.449,11028.8225
325,1.451,11020.3424
326,1.454,10900.7648
327,1.46,11029.6644
328,1.466,10908.6372
329,1.472,10699.8337
330,1.484,10630.5611
331,1.491,10586.5238
332,1.501,10518.1456
333,1.507,10346.6176
334,1.514,10492.4172
335,1.517,10484.3129
336,1.521,10322.778
337,1.526,10352.7182
338,1.529,10276.1735
339,1.531,10201.5725
340,1.536,10301.0931
341,1.542,10207.6778
342,1.545,10038.212
343,1.55,10142.1564
344,1.558,10004.4953
345,1.564,10005.7309
346,1.573,9733.422
347,1.579,9722.77309
348,1.589,9711.95067
349,1.592,9590.86799
350,1.595,9875.87467
351,1.599,9499.22893
352,1.603,9725.4883
353,1.606,9736.13745
354,1.61,9575.68727
355,1.619,9507.23562
356,1.623,9569.48804
357,1.628,9381.93625
358,1.634,9447.49693
359,1.637,9373.37993
360,1.643,9208.69796
361,1.65,9178.0381
362,1.654,9161.21883
363,1.663,9242.97043
364,1.667,9078.50074
365,1.671,9058.00723
366,1.681,9164.99766
367,1.691,8977.76405
368,1.702,8949.99093
369,1.715,8877.85702
370,1.718,8862.89718
371,1.722,8800.27391
372,1.729,8715.95449
373,1.73,8767.36405
374,1.733,8759.01852
375,1.736,8701.93884
376,1.742,8572.38378
377,1.745,8704.87543
378,1.753,8574.24888
379,1.759,8543.55752
380,1.762,8557.81848
381,1.766,8506.05822
382,1.775,8623.01275
383,1.782,8519.56275
384,1.79,8507.51779
385,1.794,8439.36709
386,1.799,8396.14952
387,1.805,8576.74707
388,1.809,8492.82443
389,1.816,8232.53738
390,1.823,8259.62757
391,1.826,8357.64334
392,1.831,8297.8688
393,1.836,8323.32205
394,1.84,8284.12869
395,1.846,8261.69615
396,1.852,8124.82832
397,1.855,8065.70967
398,1.862,8181.65715
399,1.869,7916.00269
400,1.874,8086.20299
401,1.878,8007.4393
402,1.883,8003.55775
403,1.886,8015.94127
404,1.896,7947.23089
405,1.901,8001.11504
406,1.909,7945.95912
407,1.915,7883.22634
408,1.919,7943.0836
409,1.928,7849.8242
410,1.931,7936.64954
411,1.933,8011.49585
412,1.937,7984.5987
413,1.943,7957.87458
414,1.947,7933.03659
415,1.952,7808.03936
416,1.96,7733.53075
417,1.964,7763.90087
418,1.97,7686.24758
419,1.98,7805.31189
420,1.989,7779.52406
421,1.998,7663.15277
422,2.004,7643.81685
423,2.01,7546.10758
424,2.014,7704.63211
425,2.021,7443.84739
426,2.026,7469.89517
427,2.03,7459.76464
428,2.037,7442.48734
429,2.043,7450.15703
430,2.047,7459.93565
431,2.051,7347.99644
432,2.056,7366.56612
433,2.062,7373.55095
434,2.069,7438.37528
435,2.071,7353.71512
436,2.075,7444.12258
437,2.079,7330.73203
438,2.085,7325.67268
439,2.087,7304.7637
440,2.093,7310.95633
441,2.103,7149.53151
442,2.108,7220.85431
443,2.116,7099.26998
444,2.121,7131.3951
445,2.126,7154.80236
446,2.135,7056.70035
447,2.143,7047.94087
448,2.151,7199.71461
449,2.154,7002.47511
450,2.158,7073.97669
451,2.164,7009.4525
452,2.169,7021.35164
453,2.174,6920.5721
454,2.183,6881.95129
455,2.189,7014.72816
456,2.196,6934.54791
457,2.199,6839.3913
458,2.202,7045.59988
459,2.207,6965.86979
460,2.211,6943.57714
461,2.214,6924.61078
462,2.219,6744.28564
463,2.227,6882.83853
464,2.232,6860.18359
465,2.24,6914.96544
466,2.246,6654.39679
467,2.256,6846.2982
468,2.263,6615.95387
469,2.27,6788.78512
470,2.277,6620.10145
471,2.28,6748.90867
472,2.287,6533.1329
473,2.291,6602.59406
474,2.293,6655.84068
475,2.297,6727.31771
476,2.304,6608.20952
477,2.31,6684.18473
478,2.317,6618.66163
479,2.324,6510.49627
480,2.33,6440.92937
481,2.339,6399.81994
482,2.345,6487.68719
483,2.351,6449.8786
484,2.356,6358.3366
485,2.358,6333.03411
486,2.362,6398.15419
487,2.369,6449.29758
488,2.375,6242.53675
489,2.384,6373.08324
490,2.387,6312.48693
491,2.391,6298.84877
492,2.395,6261.20139
493,2.398,6289.36938
494,2.401,6443.45163
495,2.408,6392.47176
496,2.416,6291.37334
497,2.42,6262.202
498,2.431,6218.63023
499,2.438,6292.61187
500,2.446,6101.18189
501,2.451,6190.63869
502,2.455,6199.59869
503,2.461,6157.30422
504,2.467,6103.38447
505,2.472,6034.97903
506,2.479,6103.7101
507,2.482,6039.245
508,2.487,5946.58389
509,2.493,6187.84058
510,2.497,6081.08564
511,2.501,5968.08273
512,2.506,6029.9648
513,2.509,6128.96277
514,2.512,5869.82932
515,2.518,6003.79797
516,2.524,6133.58196
517,2.53,5817.95119
518,2.539,5941.21691
519,2.545,5999.49506
520,2.554,5983.25331
521,2.562,5938.36711
522,2.569,5899.79089
523,2.575,5866.03661
524,2.58,5827.78353
525,2.586,5712.57854
526,2.588,5826.68527
527,2.59,5787.07294
528,2.595,5688.80051
529,2.602,5807.83562
530,2.606,5644.26523
531,2.612,5795.4002
532,2.622,5722.29832
533,2.631,5629.73447
534,2.637,5771.57466
535,2.639,5681.31655
536,2.642,5594.27364
537,2.647,5770.45746
538,2.651,5781.06681
539,2.654,5556.30598
540,2.66,5598.20449
541,2.665,5755.14136
542,2.668,5770.30939
543,2.68,5500.08581
544,2.685,5494.29621
545,2.693,5603.37904
546,2.698,5539.18629
547,2.701,5473.41876
548,2.706,5600.08781
549,2.712,5580.92341
550,2.717,5529.55751
551,2.723,5545.58581
552,2.729,5573.99819
553,2.735,5701.87263
554,2.743,5428.71653
555,2.746,5547.8142
556,2.75,5531.77513
557,2.757,5471.80613
558,2.762,5491.06299
559,2.771,5481.37077
560,2.779,5423.02584
561,2.787,5547.35149
562,2.795,5406.09771
563,2.799,5326.93785
564,2.807,5360.7243
565,2.815,5250.12077
566,2.824,5355.20197
567,2.828,5403.55798
568,2.832,5202.65952
569,2.838,5449.95488
570,2.84,5150.67301
571,2.845,5287.78746
572,2.85,5286.14109
573,2.853,5119.37882
574,2.854,5054.09354
575,2.857,5210.55918
576,2.862,5291.0958
577,2.87,5121.46877
578,2.875,5292.54407
579,2.884,5378.76145
580,2.887,5053.15129
581,2.892,5102.21722
582,2.897,5161.98674
583,2.901,5136.04752
584,2.91,5076.14805
585,2.92,5110.95519
586,2.929,5160.44737
587,2.934,5084.01716
588,2.937,5004.64976
589,2.941,5190.0597
590,2.947,5161.47254
591,2.951,5131.57076
592,2.955,5141.52195
593,2.962,4997.85383
594,2.967,5033.35756
595,2.974,5070.18655
596,2.982,5029.98836
597,2.99,4995.28628
598,2.997,5072.35758
599,3.003,5173.53611
600,3.01,4906.26596
601,3.015,4918.98399
602,3.019,5105.19185
603,3.023,4939.38396
604,3.026,4901.32977
605,3.03,5088.58914
606,3.037,4939.32659
607,3.042,4966.16144
608,3.044,4864.36855
609,3.049,4928.81406
610,3.059,4833.93039
611,3.064,4758.40842
612,3.071,4953.66748
613,3.078,4861.75634
614,3.085,4804.56904
615,3.09,4746.9619
616,3.092,5002.4018
617,3.096,4873.99427
618,3.101,4939.73912
619,3.103,4948.98148
620,3.109,4892.64798
621,3.119,4836.26072
622,3.127,4784.98647
623,3.136,4815.19651
624,3.139,4863.76944
625,3.144,4756.96211
626,3.151,4799.95871
627,3.153,4818.6776
628,3.158,4888.88296
629,3.165,4823.89623
630,3.172,4632.24105
631,3.181,4738.10062
632,3.185,4674.46118
633,3.188,4954.14281
634,3.193,4700.83007
635,3.197,4779.11167
636,3.199,4584.54133
637,3.203,4688.35496
638,3.214,4632.86116
639,3.222,4613.28822
640,3.232,4526.16644
641,3.24,4539.94531
642,3.249,4638.4889
643,3.256,4567.84599
644,3.263,4568.28655
645,3.265,4509.31302
646,3.271,4457.10344
647,3.278,4543.04986
648,3.283,4564.21247
649,3.288,4643.43172
650,3.293,4560.42053
651,3.295,4639.98393
652,3.297,4630.81703
653,3.299,4406.36903
654,3.305,4543.5195
655,3.31,4460.18786
656,3.316,4500.28246
657,3.322,4456.89255
658,3.328,4436.53874
659,3.335,4409.26822
660,3.34,4440.41829
661,3.346,4386.68726
662,3.359,4482.48146
663,3.374,4382.85641
664,3.383,4393.59457
665,3.392,4424.07581
666,3.396,4350.5749
667,3.399,4439.1955
668,3.402,4387.64448
669,3.404,4505.96148
670,3.406,4465.10081
671,3.41,4570.16054
672,3.414,4400.09274
673,3.418,4425.8275
674,3.421,4507.91722
675,3.424,4395.35177
676,3.428,4336.74205
677,3.432,4319.3232
678,3.433,4337.32686
679,3.437,4419.77955
680,3.443,4361.91752
681,3.447,4421.35357
682,3.449,4335.15853
683,3.454,4246.68872
684,3.461,4408.14029
685,3.463,4280.33301
686,3.469,4259.4844
687,3.475,4433.5576
688,3.478,4294.56849
689,3.48,4309.6887
690,3.484,4355.88424
691,3.491,4360.4973
692,3.496,4261.41319
693,3.505,4197.05166
694,3.511,4360.62355
695,3.52,4257.33582
696,3.527,4221.6547
697,3.531,4238.85868
698,3.537,4281.84411
699,3.543,4273.21916
700,3.547,4302.22102
701,3.558,4171.66422
702,3.562,4126.03509
703,3.57,4192.59324
704,3.579,4187.66233
705,3.589,4064.37079
706,3.594,4186.49019
707,3.598,4122.6653
708,3.606,4158.17214
709,3.609,4234.98114
710,3.613,4087.29712
711,3.619,4163.31977
712,3.623,4102.97004
713,3.627,4173.00284
714,3.634,4033.77111
715,3.637,4177.35145
716,3.641,4171.68723
717,3.647,4197.80947
718,3.651,4164.94549
719,3.653,4150.45624
720,3.656,4181.63511
721,3.662,4086.99754
722,3.67,4081.12816
723,3.679,4185.39288
724,3.687,4128.31285
725,3.696,4172.6164
726,3.703,4134.2451
727,3.711,4047.50013
728,3.719,4027.67151
729,3.727,4140.31066
730,3.735,3949.46132
731,3.739,4049.57752
732,3.746,3912.5292
733,3.748,4007.57835
734,3.752,3981.78706
735,3.76,4043.68688
736,3.762,3974.54386
737,3.765,3861.77985
738,3.768,3855.42775
739,3.773,4050.29839
740,3.777,4014.85113
741,3.784,3946.56198
742,3.792,3884.3944
743,3.798,3917.26538
744,3.808,3854.71344
745,3.81,3981.61626
746,3.812,3992.12643
747,3.818,3833.15481
748,3.823,4012.85887
749,3.827,3931.82995
750,3.831,4023.45837
751,3.837,3877.76972
752,3.843,3981.33334
753,3.85,3920.88529
754,3.855,3900.40945
755,3.86,3845.75545
756,3.867,3896.17407
757,3.873,3880.66433
758,3.879,3992.40504
759,3.886,3930.0087
760,3.889,3779.6905
761,3.895,3761.49276
762,3.9,4050.05149
763,3.904,3983.28125
764,3.913,3958.62378
765,3.919,3917.90549
766,3.927,3818.97191
767,3.934,3821.87184
768,3.94,3855.07812
769,3.948,3813.8497
770,3.951,3988.95306
771,3.956,3856.54537
772,3.962,3751.12647
773,3.965,3842.82458
774,3.97,3818.0639
775,3.977,3695.09271
776,3.981,3826.49617
777,3.988,3809.77924
778,3.994,3877.73592
779,3.997,3828.11601
780,4.002,3876.53759
781,4.009,3897.2133
782,4.014,3709.19792
783,4.022,3901.66065
784,4.027,3759.72108
785,4.03,3720.03138
786,4.035,3739.61699
787,4.042,3662.73885
788,4.046,3756.04
789,4.053,3718.53242
790,4.058,3733.06153
791,4.064,3688.90536
792,4.071,3751.05384
793,4.074,3737.57733
794,4.078,3737.99107
795,4.085,3651.47166
796,4.089,3744.87011
797,4.094,3724.85751
798,4.103,3731.64396
799,4.107,3733.84768
800,4.112,3784.33331
801,4.118,3696.09709
802,4.122,3525.40448
803,4.127,3656.80849
804,4.132,3562.88027
805,4.135,3708.20044
806,4.139,3600.15993
807,4.148,3703.08321
808,4.156,3639.26189
809,4.164,3509.53796
810,4.167,3607.46662
811,4.173,3603.81381
812,4.182,3624.1769
813,4.189,3603.33616
814,4.198,3573.68041
815,4.203,3581.35764
816,4.211,3520.97746
817,4.214,3531.75898
818,4.218,3522.2151
819,4.223,3524.20403
820,4.226,3507.19586
821,4.229,3455.27241
822,4.235,3436.35883
823,4.242,3560.30096
824,4.246,3649.97317
825,4.254,3454.24932
826,4.259,3363.02339
827,4.266,3549.37545
828,4.274,3424.46804
829,4.278,3420.68033
830,4.281,3486.12721
831,4.287,3464.38846
832,4.291,3632.12695
833,4.297,3429.42098
834,4.305,3451.3013
835,4.31,3467.77143
836,4.317,3549.64088
837,4.321,3590.21733
838,4.33,3505.31452
839,4.336,3437.36347
840,4.34,3346.95971
841,4.345,3556.05037
842,4.35,3436.57437
843,4.353,3383.66082
844,4.359,3505.48574
845,4.365,3475.06957
846,4.371,3497.52256
847,4.379,3534.82121
848,4.384,3379.38031
849,4.39,3529.79468
850,4.398,3452.2594
851,4.404,3443.57678
852,4.41,3557.56312
853,4.413,3494.46813
854,4.417,3337.48733
855,4.428,3504.9523
856,4.433,3486.07452
857,4.44,3492.64208
858,4.445,3460.06224
859,4.45,3387.32437
860,4.456,3436.25739
861,4.459,3534.24446
862,4.462,3458.77447
863,4.466,3344.95949
864,4.472,3367.22534
865,4.477,3392.94111
866,4.486,3506.7324
867,4.494,3419.16563
868,4.499,3395.15527
869,4.505,3415.52244
870,4.509,3335.85051
871,4.517,3317.70929
872,4.522,3329.38014
873,4.527,3349.63922
874,4.533,3348.58283
875,4.541,3350.98379
876,4.546,3298.24064
877,4.553,3333.56969
878,4.559,3330.89385
879,4.57,3185.40283
880,4.572,3341.85866
881,4.579,3257.69839
882,4.583,3340.70639
883,4.586,3435.20229
884,4.591,3260.5613
885,4.598,3122.59899
886,4.601,3323.91777
887,4.61,3199.8883
888,4.617,3339.41335
889,4.619,3330.40672
890,4.625,3299.13924
891,4.63,3375.7574
892,4.632,3355.566
893,4.637,3345.32591
894,4.643,3050.49788
895,4.646,3332.70177
896,4.651,3225.76402
897,4.659,3335.06357
898,4.665,3315.23862
899,4.67,3258.41821
900,4.675,3341.96743
901,4.679,3327.5696
902,4.685,3274.92837
903,4.692,3271.11664
904,4.701,3228.41594
905,4.71,3272.04482
906,4.714,3094.90887
907,4.722,3141.41481
908,4.726,3166.55751
909,4.73,3179.67434
910,4.735,3219.73353
911,4.737,3213.44969
912,4.74,3283.66976
913,4.747,3148.60089
914,4.752,3069.98399
915,4.76,3209.62187
916,4.767,3153.02028
917,4.77,3217.65333
918,4.779,3124.87753
919,4.79,3149.80835
920,4.798,3015.02349
921,4.803,3115.99006
922,4.811,3047.9176
923,4.819,3199.40621
924,4.825,3164.26132
925,4.833,2965.93057
926,4.835,3077.45859
927,4.836,3078.15078
928,4.839,3117.59807
929,4.844,3003.42832
930,4.846,3089.21284
931,4.851,3102.18738
932,4.86,3102.95826
933,4.862,3076.39899
934,4.864,3044.11703
935,4.868,2990.60643
936,4.872,3060.22628
937,4.878,3075.54079
938,4.888,3151.02516
939,4.893,3134.03548
940,4.898,3101.45868
941,4.906,3158.0492
942,4.91,3051.3981
943,4.914,3139.38785
944,4.921,2996.08965
945,4.927,2978.75105
946,4.936,3068.2067
947,4.942,2951.62351
948,4.95,3026.73383
949,4.956,3034.56206
950,4.964,3048.36419
951,4.972,3102.53034
952,4.978,2905.09008
953,4.985,3057.25365
954,4.989,2986.27428
955,4.994,3012.65442
956,4.999,2990.8891
957,5.003,2893.23487
958,5.007,2947.8175
959,5.014,3010.52436
960,5.016,2995.0914
961,5.02,2944.94909
962,5.026,3066.29639
963,5.029,3031.60874
964,5.034,2932.1361
965,5.04,2981.98687
966,5.043,2846.9374
967,5.048,3077.89957
968,5.058,2974.99269
969,5.065,2922.19419
970,5.076,2759.14385
971,5.083,2906.99693
972,5.087,2951.41485
973,5.094,2982.66051
974,5.105,2937.96979
975,5.113,2862.56951
976,5.122,2963.68582
977,5.127,2893.22526
978,5.132,2837.30457
979,5.139,2939.96427
980,5.142,2863.1362
981,5.145,2814.01315
982,5.149,2870.57776
983,5.154,2794.93765
984,5.156,2837.96949
985,5.162,2869.08573
986,5.169,2810.59347
987,5.174,2839.82995
988,5.18,2875.37286
989,5.184,2951.22224
990,5.189,2832.66798
991,5.195,2813.0487
992,5.199,2899.42437
993,5.202,2809.6461
994,5.205,2786.63892
995,5.212,2723.57845
996,5.215,2847.89654
997,5.221,2848.33465
998,5.227,2736.8285
999,5.231,2766.73368
1000,5.237,2739.71458
1001,5.244,2802.28078
1002,5.247,2993.72138
1003,5.255,2939.78025
1004,5.261,2918.7117
1005,5.271,2842.67636
1006,5.276,2782.04919
1007,5.279,2838.98614
1008,5.285,2822.63364
1009,5.291,2928.43427
1010,5.294,2856.27658
1011,5.3,2830.75963
1012,5.307,2857.39214
1013,5.312,2707.79362
1014,5.319,2791.75633
1015,5.33,2835.10599
1016,5.344,2838.03316
1017,5.353,2905.47166
1018,5.358,2792.03623
1019,5.362,2836.03101
1020,5.366,2850.36375
1021,5.371,2802.9041
1022,5.372,2817.51068
1023,5.375,2759.50563
1024,5.381,2758.30833
1025,5.387,2804.51185
1026,5.391,2852.05226
1027,5.399,2666.84779
1028,5.405,2638.22082
1029,5.41,2781.48569
1030,5.415,2797.17571
1031,5.418,2806.76149
1032,5.422,2812.5866
1033,5.429,2765.27962
1034,5.433,2729.66794
1035,5.438,2807.63025
1036,5.446,2742.68545
1037,5.45,2738.91228
1038,5.455,2838.58161
1039,5.464,2733.71194
1040,5.467,2706.50062
1041,5.473,2558.33466
1042,5.482,2674.74932
1043,5.491,2935.29627
1044,5.498,2777.13936
1045,5.504,2803.74064
1046,5.513,2734.3551
1047,5.52,2695.22211
1048,5.527,2728.28342
1049,5.528,2763.65702
1050,5.53,2628.69065
1051,5.537,2666.472
1052,5.546,2744.46502
1053,5.552,2697.95857
1054,5.557,2747.73487
1055,5.559,2743.5422
1056,5.562,2795.59058
1057,5.571,2886.03458
1058,5.578,2637.63177
1059,5.589,2685.89265
1060,5.595,2644.72969
1061,5.599,2617.229
1062,5.604,2765.89244
1063,5.606,2735.90716
1064,5.609,2585.15069
1065,5.616,2776.08018
1066,5.62,2654.82768
1067,5.625,2708.86049
1068,5.636,2865.98242
1069,5.642,2676.39256
1070,5.649,2755.79363
1071,5.652,2761.29965
1072,5.654,2764.35879
1073,5.659,2628.65369
1074,5.666,2831.56939
1075,5.671,2753.45006
1076,5.677,2659.65741
1077,5.683,2815.23599
1078,5.69,2748.26408
1079,5.696,2877.55871
1080,5.7,2772.351
1081,5.704,2622.31089
1082,5.71,2677.46849
1083,5.716,2805.86976
1084,5.718,2598.92018
1085,5.722,2698.69722
1086,5.729,2566.60125
1087,5.732,2661.37231
1088,5.739,2747.08122
1089,5.747,2669.82034
1090,5.757,2805.77528
1091,5.764,2452.18131
1092,5.769,2569.77386
1093,5.777,2658.89633
1094,5.785,2631.40399
1095,5.795,2647.17709
1096,5.801,2604.77243
1097,5.812,2673.66141
1098,5.816,2473.02978
1099,5.817,2717.02301
1100,5.819,2537.00534
1101,5.822,2717.88809
1102,5.824,2589.82687
1103,5.827,2602.56483
1104,5.831,2695.66447
1105,5.837,2683.36095
1106,5.838,2694.0902
1107,5.84,2752.41789
1108,5.845,2665.83685
1109,5.857,2730.21955
1110,5.873,2604.65996
1111,5.885,2720.18035
1112,5.893,2512.9886
1113,5.902,2616.63516
1114,5.909,2562.9184
1115,5.914,2642.72887
1116,5.923,2583.84741
1117,5.927,2512.95052
1118,5.935,2509.84474
1119,5.938,2579.68487
1120,5.939,2629.14503
1121,5.942,2727.88407
1122,5.947,2514.3471
1123,5.952,2575.13358
1124,5.956,2572.35133
1125,5.962,2633.05517
1126,5.966,2597.18985
1127,5.969,2514.55882
1128,5.975,2396.43667
1129,5.981,2599.32272
1130,5.985,2554.17944
1131,5.99,2647.37535
1132,5.996,2708.12256
1133,5.999,2439.43504
1134,6.004,2502.54198
1135,6.013,2534.87903
1136,6.019,2494.85443
1137,6.028,2518.12114
1138,6.032,2634.23986
1139,6.034,2506.08135
1140,6.042,2605.23546
1141,6.048,2438.12758
1142,6.053,2475.95314
1143,6.061,2496.69813
1144,6.065,2622.72755
1145,6.072,2609.42412
1146,6.08,2560.33076
1147,6.089,2579.41981
1148,6.094,2590.76574
1149,6.095,2550.39246
1150,6.099,2541.61348
1151,6.107,2505.74745
1152,6.112,2557.20429
1153,6.119,2479.43543
1154,6.123,2605.26846
1155,6.125,2553.12398
1156,6.128,2508.69069
1157,6.139,2709.48614
1158,6.144,2546.02975
1159,6.151,2438.77782
1160,6.159,2585.66639
1161,6.164,2502.40436
1162,6.17,2504.25884
1163,6.174,2569.07363
1164,6.176,2575.98749
1165,6.181,2520.59183
1166,6.188,2463.53717
1167,6.191,2429.18145
1168,6.196,2544.82442
1169,6.204,2594.57892
1170,6.208,2490.73534
1171,6.215,2563.14734
1172,6.22,2465.26858
1173,6.222,2461.11313
1174,6.227,2518.81771
1175,6.236,2327.82092
1176,6.24,2370.14665
1177,6.246,2536.10569
1178,6.252,2421.19759
1179,6.256,2409.85426
1180,6.265,2563.77149
1181,6.271,2476.02241
1182,6.278,2419.84022
1183,6.284,2420.80575
1184,6.287,2435.29483
1185,6.293,2491.10007
1186,6.301,2451.32018
1187,6.303,2445.03988
1188,6.308,2394.05254
1189,6.315,2507.55676
1190,6.317,2418.13118
1191,6.323,2390.75778
1192,6.331,2548.75388
1193,6.335,2276.20634
1194,6.34,2405.3588
1195,6.346,2370.85725
1196,6.35,2278.76801
1197,6.359,2499.32713
1198,6.366,2229.39366
1199,6.372,2505.15587
1200,6.379,2310.77512
1201,6.383,2325.78012
1202,6.391,2390.06863
1203,6.4,2411.03406
1204,6.407,2381.59645
1205,6.415,2394.1097
1206,6.424,2362.24221
1207,6.43,2477.02096
1208,6.432,2467.85931
1209,6.436,2408.13354
1210,6.44,2351.27844
1211,6.445,2393.5752
1212,6.449,2353.6381
1213,6.455,2387.74804
1214,6.461,2389.57276
1215,6.467,2338.97388
1216,6.472,2428.53095
1217,6.477,2435.74025
1218,6.481,2266.83434
1219,6.488,2259.12792
1220,6.499,2272.76927
1221,6.507,2490.01366
1222,6.513,2343.90939
1223,6.519,2442.55486
1224,6.525,2381.60676
1225,6.526,2212.81055
1226,6.529,2392.532
1227,6.534,2329.92923
1228,6.54,2341.8744
1229,6.541,2279.73421
1230,6.544,2207.6527
1231,6.548,2225.93054
1232,6.554,2417.226
1233,6.56,2323.6532
1234,6.569,2242.14848
1235,6.573,2262.0462
1236,6.579,2334.02386
1237,6.587,2328.92555
1238,6.592,2296.60378
1239,6.599,2245.5655
1240,6.606,2308.37728
1241,6.615,2350.90543
1242,6.622,2348.25812
1243,6.624,2330.00689
1244,6.627,2322.02386
1245,6.634,2353.68432
1246,6.639,2181.68932
1247,6.645,2395.47079
1248,6.652,2255.9805
1249,6.656,2265.146
1250,6.663,2396.87423
1251,6.669,2322.81542
1252,6.672,2194.40442
1253,6.687,2202.85896
1254,6.698,2432.91972
1255,6.704,2238.57857
1256,6.71,2289.69665
1257,6.718,2270.58787
1258,6.723,2295.9172
1259,6.727,2337.44575
1260,6.735,2286.14748
1261,6.737,2326.86032
1262,6.738,2202.01576
1263,6.742,2241.80991
1264,6.747,2266.97777
1265,6.75,2223.67374
1266,6.76,2318.07525
1267,6.766,2314.09101
1268,6.772,2264.58466
1269,6.777,2374.93911
1270,6.784,2328.34082
1271,6.792,2347.09758
1272,6.799,2282.85618
1273,6.803,2288.7976
1274,6.809,2303.74725
1275,6.814,2247.50985
1276,6.816,2378.28914
1277,6.823,2219.34958
1278,6.83,2190.49276
1279,6.833,2288.0091
1280,6.838,2326.0876
1281,6.844,2265.70695
1282,6.846,2285.67946
1283,6.85,2235.22716
1284,6.856,2346.18652
1285,6.861,2250.49045
1286,6.867,2338.65265
1287,6.875,2137.43261
1288,6.878,2270.05665
1289,6.884,2365.25552
1290,6.892,2194.97675
1291,6.894,2251.71625
1292,6.9,2196.74598
1293,6.908,2252.08871
1294,6.914,2214.37359
1295,6.921,2260.24599
1296,6.925,2154.9236
1297,6.931,2212.19737
1298,6.943,2319.32412
1299,6.948,2383.42134
1300,6.952,2104.20022
1301,6.956,2275.58211
1302,6.959,2236.107
1303,6.964,2204.62266
1304,6.972,2266.54364
1305,6.977,2207.5466
1306,6.984,2184.04019
1307,6.989,2149.45948
1308,6.993,2255.67266
1309,7.0,2100.43964
1310,7.005,2164.48257
1311,7.007,2155.05891
1312,7.013,2146.29813
1313,7.02,2157.37995
1314,7.023,1981.42404
1315,7.028,2060.92767
1316,7.033,2201.52964
1317,7.036,2121.08035
1318,7.041,2203.84456
1319,7.045,2270.60769
1320,7.05,2153.10699
1321,7.053,2239.03186
1322,7.058,2278.81686
1323,7.065,2160.52498
1324,7.068,2113.81292
1325,7.071,2293.59173
1326,7.077,2286.84145
1327,7.083,2152.929
1328,7.085,2143.5406
1329,7.089,2179.2424
1330,7.097,2148.44931
1331,7.105,2157.41731
1332,7.118,2124.02635
1333,7.13,2110.62761
1334,7.141,2195.99525
1335,7.148,2046.1719
1336,7.152,2050.05746
1337,7.157,2139.28791
1338,7.166,2072.18203
1339,7.173,2084.25354
1340,7.184,2304.3555
1341,7.19,2124.00786
1342,7.197,2126.46953
1343,7.201,2020.7283
1344,7.202,2014.97133
1345,7.205,2143.51477
1346,7.209,2187.41041
1347,7.212,2154.74659
1348,7.213,2079.58456
1349,7.215,2161.08365
1350,7.218,2114.29951
1351,7.224,2069.84048
1352,7.228,2155.64966
1353,7.236,2075.79276
1354,7.245,2046.39169
1355,7.254,2053.87819
1356,7.261,2050.80657
1357,7.264,2051.5297
1358,7.27,2084.04028
1359,7.277,2006.03092
1360,7.28,2064.03709
1361,7.288,2002.05433
1362,7.294,2049.28306
1363,7.296,2159.73504
1364,7.301,2026.10823
1365,7.311,2115.41924
1366,7.319,2081.10199
1367,7.328,1969.38125
1368,7.335,1879.11044
1369,7.343,2057.84527
1370,7.347,2132.57077
1371,7.351,2094.2224
1372,7.356,2106.87025
1373,7.36,1967.82585
1374,7.364,2128.17817
1375,7.368,2057.3698
1376,7.373,2076.06024
1377,7.379,2015.1874
1378,7.388,2048.81962
1379,7.392,2113.36644
1380,7.398,1894.15901
1381,7.405,2006.2413
1382,7.41,2155.18227
1383,7.422,2206.45041
1384,7.428,2069.60829
1385,7.434,2033.30168
1386,7.439,1973.96777
1387,7.443,2083.5334
1388,7.451,2006.6491
1389,7.457,2087.6068
1390,7.458,1982.72067
1391,7.461,1946.06473
1392,7.465,2247.28161
1393,7.47,1930.31889
1394,7.474,2144.99602
1395,7.482,1966.02317
1396,7.49,2006.99638
1397,7.497,1967.95043
1398,7.505,2140.66694
1399,7.512,2141.23757
1400,7.52,2023.12573
1401,7.528,2072.50841
1402,7.537,1968.78057
1403,7.542,2076.67644
1404,7.545,1950.17033
1405,7.551,1988.6488
1406,7.555,2033.78235
1407,7.559,1893.64126
1408,7.563,2032.57531
1409,7.567,2025.75234
1410,7.57,1952.17319
1411,7.574,2029.65309
1412,7.579,2130.8208
1413,7.582,2011.78809
1414,7.586,1905.97642
1415,7.592,1895.29827
1416,7.599,2061.40758
1417,7.608,1956.41875
1418,7.62,1910.80317
1419,7.629,2028.16469
1420,7.633,2149.40832
1421,7.636,1987.8939
1422,7.642,2051.75316
1423,7.648,2042.95006
1424,7.649,2045.29413
1425,7.652,2083.21615
1426,7.656,1981.32546
1427,7.662,1943.52904
1428,7.664,1996.37636
1429,7.671,1968.06224
1430,7.678,2024.47904
1431,7.682,1945.7952
1432,7.687,1883.57878
1433,7.694,1988.24857
1434,7.699,1902.49037
1435,7.709,2052.54438
1436,7.712,2044.74476
1437,7.715,2067.46763
1438,7.719,2077.89491
1439,7.73,2066.98747
1440,7.743,1970.1663
1441,7.751,2020.4804
1442,7.758,1950.49091
1443,7.762,2003.19232
1444,7.765,2080.24073
1445,7.771,2006.29557
1446,7.777,2006.29625
1447,7.78,1925.53556
1448,7.785,2088.87251
1449,7.793,2102.80759
1450,7.799,1982.50895
1451,7.805,1805.90648
1452,7.811,2005.3091
1453,7.816,1934.37223
1454,7.821,1908.68916
1455,7.826,1955.52183
1456,7.832,1982.84232
1457,7.842,1961.87917
1458,7.848,2130.3078
1459,7.856,2034.72867
1460,7.862,2008.13056
1461,7.867,1963.30744
1462,7.875,2072.88833
1463,7.879,2044.77608
1464,7.888,2057.59395
1465,7.895,2031.53417
1466,7.9,2030.79164
1467,7.904,2012.75984
1468,7.909,2018.04194
1469,7.915,2090.76499
1470,7.923,2016.17629
1471,7.927,2071.74497
1472,7.931,2167.83836
1473,7.936,2032.58172
1474,7.94,2021.44751
1475,7.944,1955.17023
1476,7.95,1930.16805
1477,7.958,1959.08724
1478,7.966,1968.6045
1479,7.975,1852.62595
1480,7.978,1943.7678
1481,7.984,1930.34617
1482,7.989,1841.82378
1483,7.991,1902.6072
1484,7.994,1747.40467
1485,7.999,2037.7664
1486,8.004,1843.71672
1487,8.008,2054.15484
1488,8.014,1900.67441
1489,8.02,1839.86356
1490,8.027,1782.4128
1491,8.037,1898.79238
1492,8.041,1876.90049
1493,8.047,1847.71963
1494,8.054,2049.93183
1495,8.058,1976.99394
1496,8.065,1980.47468
1497,8.071,1918.6685
1498,8.075,2046.15912
1499,8.081,1943.47359
1500,8.086,1888.51807
1501,8.089,1844.55849
1502,8.094,1868.36298
1503,8.1,1972.91363
1504,8.104,1959.75319
1505,8.109,1965.90468
1506,8.116,1937.07684
1507,8.119,1874.72292
1508,8.124,1827.44325
1509,8.13,1886.85116
1510,8.135,1893.71003
1511,8.139,1963.35072
1512,8.143,2013.30688
1513,8.149,1906.50249
1514,8.153,1979.84222
1515,8.161,1856.0258
1516,8.166,1905.52591
1517,8.171,1856.0512
1518,8.181,1946.3503
1519,8.188,1888.42127
1520,8.198,1918.99273
1521,8.207,1835.93708
1522,8.216,1990.48075
1523,8.224,1891.7489
1524,8.235,1870.97461
1525,8.241,2041.74997
1526,8.244,2006.51393
1527,8.249,1929.8488
1528,8.253,1964.61451
1529,8.255,2082.27796
1530,8.259,1842.47826
1531,8.264,1977.64965
1532,8.265,2005.71362
1533,8.267,2026.18812
1534,8.27,1925.70189
1535,8.274,1946.49881
1536,8.28,2002.53543
1537,8.288,1961.59118
1538,8.299,1923.81925
1539,8.306,1931.37888
1540,8.313,1916.16233
1541,8.315,1686.9256
1542,8.317,2047.04266
1543,8.323,2025.39702
1544,8.331,1871.16693
1545,8.339,1791.38138
1546,8.348,1858.01916
1547,8.353,1861.63314
1548,8.359,1889.50694
1549,8.365,1908.06469
1550,8.368,1873.40793
1551,8.373,1803.48362
1552,8.381,1920.81121
1553,8.384,1935.71179
1554,8.39,1897.51116
1555,8.397,1904.52021
1556,8.402,1751.73534
1557,8.413,1888.16282
1558,8.419,1897.61564
1559,8.425,1991.82203
1560,8.431,1936.73334
1561,8.434,1815.75089
1562,8.438,1897.65787
1563,8.447,1843.81199
1564,8.449,1859.51035
1565,8.454,1950.89716
1566,8.461,1861.52237
1567,8.463,1896.27747
1568,8.468,1776.23745
1569,8.473,1894.747
1570,8.477,2091.25518
1571,8.48,1834.55151
1572,8.484,1753.28192
1573,8.49,1928.95113
1574,8.494,1936.49186
1575,8.499,1809.34413
1576,8.508,1901.82481
1577,8.514,1956.24468
1578,8.524,1785.047
1579,8.532,1764.34561
1580,8.54,1887.2699
1581,8.548,1942.51435
1582,8.553,1817.49652
1583,8.563,1728.50598
1584,8.57,1899.80609
1585,8.577,1919.36134
1586,8.582,1813.45647
1587,8.585,1893.5281
1588,8.592,1801.05457
1589,8.596,1812.19642
1590,8.598,1804.46223
1591,8.601,1676.3039
1592,8.607,1909.19159
1593,8.613,1902.51298
1594,8.62,1821.10037
1595,8.63,1835.62554
1596,8.632,1899.96685
1597,8.635,1920.23932
1598,8.639,1936.19169
1599,8.643,1783.13432
1600,8.646,1819.2103
1601,8.649,1936.67576
1602,8.655,1774.015
1603,8.659,1894.09866
1604,8.665,1740.56683
1605,8.674,1772.52884
1606,8.68,1948.79241
1607,8.689,1952.43416
1608,8.695,1872.5166
1609,8.698,1811.99574
1610,8.703,1967.3769
1611,8.71,1877.24039
1612,8.714,1783.04211
1613,8.724,1841.31404
1614,8.732,1815.12688
1615,8.741,1949.22816
1616,8.748,1740.50253
1617,8.751,1846.94012
1618,8.759,1882.50789
1619,8.764,1830.91521
1620,8.768,1858.79886
1621,8.777,1802.89554
1622,8.78,1916.02562
1623,8.783,1931.63184
1624,8.788,1765.22959
1625,8.793,1806.86608
1626,8.797,1916.65766
1627,8.804,1697.53498
1628,8.812,1757.94999
1629,8.816,1775.79233
1630,8.824,1803.00767
1631,8.829,1818.7159
1632,8.833,1840.6875
1633,8.84,1855.91511
1634,8.843,1854.70638
1635,8.845,1775.94741
1636,8.848,1835.13916
1637,8.854,1862.11085
1638,8.859,1927.25868
1639,8.866,1763.34574
1640,8.874,1885.35469
1641,8.879,1974.84072
1642,8.884,1719.55297
1643,8.891,1829.28318
1644,8.896,1722.6627
1645,8.902,1752.23541
1646,8.909,1838.90693
1647,8.913,1708.82347
1648,8.918,1839.08771
1649,8.924,1825.63771
1650,8.927,1867.76556
1651,8.934,1796.86623
1652,8.943,1897.25965
1653,8.95,1756.426
1654,8.958,1783.71218
1655,8.961,1795.55543
1656,8.965,1592.05372
1657,8.973,1948.77552
1658,8.979,1802.47856
1659,8.986,1774.95467
1660,8.995,1844.55246
1661,8.998,1820.3043
1662,9.005,1787.74755
1663,9.012,1738.09723
1664,9.016,1820.08263
1665,9.022,1806.60846
1666,9.029,1837.77233
1667,9.033,1804.12702
1668,9.039,1785.79678
1669,9.044,1749.17655
1670,9.047,1931.90126
1671,9.054,1844.9124
1672,9.061,1765.68451
1673,9.063,1903.22915
1674,9.068,1883.35373
1675,9.075,1802.97359
1676,9.08,1851.58886
1677,9.085,1889.13705
1678,9.093,1862.50669
1679,9.096,1789.3994
1680,9.102,1800.49537
1681,9.109,1761.2989
1682,9.111,1695.08818
1683,9.115,1633.18078
1684,9.121,1782.95525
1685,9.127,1770.24422
1686,9.133,1783.08924
1687,9.142,1802.23601
1688,9.147,1859.52689
1689,9.153,1801.43391
1690,9.159,1853.97928
1691,9.162,1911.22498
1692,9.169,1721.27352
1693,9.176,1848.97676
1694,9.183,1733.62648
1695,9.192,1977.7718
1696,9.195,2006.67775
1697,9.199,1891.96161
1698,9.205,1785.53952
1699,9.21,1789.14285
1700,9.214,1871.50745
1701,9.22,1713.97716
1702,9.226,1699.59708
1703,9.232,1731.47921
1704,9.24,1796.60562
1705,9.246,1700.37445
1706,9.25,1660.40334
1707,9.258,1802.5969
1708,9.263,1830.9782
1709,9.27,1645.61267
1710,9.275,1791.18379
1711,9.279,1838.11158
1712,9.284,1834.85924
1713,9.292,1665.58399
1714,9.296,1800.45694
1715,9.299,1792.93475
1716,9.307,1841.36434
1717,9.313,1679.64674
1718,9.323,1869.60589
1719,9.333,1721.72126
1720,9.341,1718.27621
1721,9.346,1660.81546
1722,9.349,1757.24034
1723,9.357,1727.46374
1724,9.363,1718.46248
1725,9.366,1791.15796
1726,9.374,1797.17459
1727,9.381,1695.14913
1728,9.386,1855.0614
1729,9.392,1722.16174
1730,9.396,1756.83265
1731,9.401,1781.96858
1732,9.406,1811.32423
1733,9.409,1757.23804
1734,9.41,1728.26796
1735,9.413,1786.75737
1736,9.418,1815.77734
1737,9.423,1578.35302
1738,9.424,1696.23334
1739,9.428,1771.27341
1740,9.433,1674.05236
1741,9.439,1799.41837
1742,9.442,1664.93696
1743,9.449,1684.23318
1744,9.458,1701.18925
1745,9.468,1645.43477
1746,9.478,1666.72237
1747,9.482,1710.10495
1748,9.487,1654.94755
1749,9.492,1746.8987
1750,9.496,1635.93691
1751,9.506,1734.06647
1752,9.514,1702.08935
1753,9.524,1555.56895
1754,9.53,1815.64778
1755,9.538,1720.31033
1756,9.547,1672.05362
1757,9.553,1757.79344
1758,9.559,1717.82809
1759,9.562,1686.94301
1760,9.564,1680.74483
1761,9.566,1655.02929
1762,9.569,1693.02696
1763,9.574,1684.06835
1764,9.578,1604.32741
1765,9.585,1730.36874
1766,9.59,1709.67724
1767,9.593,1663.98614
1768,9.598,1691.97383
1769,9.605,1650.58979
1770,9.61,1808.84866
1771,9.617,1775.52976
1772,9.623,1603.80954
1773,9.627,1567.434
1774,9.632,1759.72616
1775,9.64,1682.24656
1776,9.646,1614.81472
1777,9.654,1676.15474
1778,9.66,1746.04916
1779,9.666,1713.32804
1780,9.674,1699.96774
1781,9.679,1779.20587
1782,9.685,1622.81145
1783,9.692,1749.18794
1784,9.7,1653.39281
1785,9.706,1589.0725
1786,9.708,1704.49993
1787,9.711,1682.13471
1788,9.716,1683.1013
1789,9.722,1547.89479
1790,9.726,1652.06842
1791,9.733,1657.78414
1792,9.739,1683.03887
1793,9.742,1715.09828
1794,9.747,1605.97205
1795,9.754,1648.99005
1796,9.76,1727.27783
1797,9.768,1709.81433
1798,9.775,1550.3726
1799,9.78,1490.22478
1800,9.786,1584.95863
1801,9.793,1632.86302
1802,9.799,1651.70506
1803,9.808,1669.09251
1804,9.812,1539.96895
1805,9.816,1607.97165
1806,9.823,1582.10823
1807,9.828,1652.59657
1808,9.836,1637.02849
1809,9.841,1622.1127
1810,9.845,1710.85861
1811,9.849,1576.71348
1812,9.854,1598.14397
1813,9.857,1616.46796
1814,9.862,1678.72432
1815,9.866,1688.60563
1816,9.873,1731.6732
1817,9.878,1554.10391
1818,9.883,1687.39131
1819,9.889,1610.80624
1820,9.893,1497.96697
1821,9.898,1753.929
1822,9.904,1557.49139
1823,9.908,1610.86138
1824,9.916,1632.4409
1825,9.923,1667.69321
1826,9.936,1663.09142
1827,9.94,1694.30246
1828,9.944,1686.16643
1829,9.951,1710.84665
1830,9.956,1581.69916
1831,9.958,1617.54121
1832,9.963,1584.44578
1833,9.967,1650.82657
1834,9.971,1658.15799
1835,9.977,1662.38514
1836,9.986,1638.42248
1837,9.992,1630.45102
1838,10.0,1723.84898
1839,10.0,1552.50171
1840,10.01,1520.14737
1841,10.02,1716.65735
1842,10.02,1648.05393
1843,10.03,1716.04355
1844,10.03,1690.64003
1845,10.04,1643.24506
1846,10.04,1616.21148
1847,10.04,1577.85916
1848,10.05,1624.18598
1849,10.06,1638.99122
1850,10.07,1550.65937
1851,10.07,1594.90693
1852,10.08,1638.08299
1853,10.09,1619.14796
1854,10.09,1710.21849
1855,10.09,1660.14921
1856,10.1,1686.33937
1857,10.1,1545.05679
1858,10.1,1553.67986
1859,10.11,1648.76529
1860,10.12,1532.22395
1861,10.12,1698.26936
1862,10.14,1735.75663
1863,10.14,1558.29599
1864,10.15,1571.772
1865,10.16,1639.09178
1866,10.16,1736.10833
1867,10.17,1649.97117
1868,10.17,1704.89026
1869,10.18,1408.85312
1870,10.19,1528.24843
1871,10.19,1783.12237
1872,10.2,1654.8355
1873,10.21,1652.9592
1874,10.22,1684.28553
1875,10.22,1639.5174
1876,10.23,1643.45582
1877,10.23,1766.79597
1878,10.24,1665.63894
1879,10.24,1547.64822
1880,10.24,1556.8326
1881,10.25,1602.89414
1882,10.25,1532.73051
1883,10.26,1573.53612
1884,10.27,1761.31847
1885,10.27,1592.06074
1886,10.28,1596.71402
1887,10.28,1596.28736
1888,10.29,1542.71179
1889,10.29,1568.0801
1890,10.3,1553.47293
1891,10.3,1529.31572
1892,10.3,1547.96915
1893,10.31,1476.86259
1894,10.31,1547.17313
1895,10.32,1537.93761
1896,10.33,1578.25821
1897,10.33,1605.92526
1898,10.34,1495.17782
1899,10.34,1459.30244
1900,10.35,1432.90084
1901,10.36,1555.06864
1902,10.37,1522.3127
1903,10.37,1512.4037
1904,10.38,1501.13109
1905,10.38,1371.25326
1906,10.39,1630.17521
1907,10.39,1571.39551
1908,10.4,1548.42037
1909,10.4,1679.8334
1910,10.41,1581.01152
1911,10.41,1687.68117
1912,10.41,1580.05601
1913,10.41,1618.30713
1914,10.42,1545.844
1915,10.42,1608.54375
1916,10.43,1388.74405
1917,10.44,1541.92333
1918,10.45,1464.81371
1919,10.46,1490.88596
1920,10.46,1454.74501
1921,10.47,1584.10493
1922,10.48,1509.06893
1923,10.48,1568.41701
1924,10.48,1553.99934
1925,10.49,1495.63715
1926,10.49,1581.24346
1927,10.5,1588.2535
1928,10.5,1583.20285
1929,10.51,1460.47155
1930,10.52,1442.76235
1931,10.52,1634.77897
1932,10.53,1638.33215
1933,10.54,1540.82662
1934,10.55,1611.97484
1935,10.56,1519.13571
1936,10.57,1580.6742
1937,10.58,1704.15115
1938,10.58,1647.77255
1939,10.58,1550.81244
1940,10.59,1541.79539
1941,10.59,1576.30791
1942,10.6,1573.88184
1943,10.6,1638.9487
1944,10.61,1520.91427
1945,10.61,1654.91657
1946,10.62,1695.53733
1947,10.62,1620.66522
1948,10.62,1613.89877
1949,10.63,1612.10109
1950,10.63,1581.99206
1951,10.64,1601.16944
1952,10.64,1597.41063
1953,10.65,1612.14468
1954,10.66,1509.20221
1955,10.66,1636.47458
1956,10.67,1506.51576
1957,10.67,1606.24768
1958,10.68,1631.5327
1959,10.69,1414.75618
1960,10.69,1421.90364
1961,10.69,1634.24476
1962,10.69,1545.90321
1963,10.7,1539.30327
1964,10.71,1490.30368
1965,10.72,1571.42811
1966,10.73,1597.76559
1967,10.73,1534.76632
1968,10.74,1584.51244
1969,10.74,1650.60943
1970,10.75,1651.64921
1971,10.75,1563.4193
1972,10.76,1653.2306
1973,10.77,1563.73989
1974,10.78,1545.75451
1975,10.79,1617.91282
1976,10.79,1530.33021
1977,10.8,1557.07899
1978,10.8,1610.07876
1979,10.81,1499.51214
1980,10.81,1519.96221
1981,10.81,1523.68274
1982,10.82,1538.90333
1983,10.82,1591.63366
1984,10.82,1650.48711
1985,10.83,1602.48303
1986,10.83,1653.53389
1987,10.85,1686.20227
1988,10.85,1565.47287
1989,10.86,1611.64529
1990,10.87,1474.62671
1991,10.87,1636.68359
1992,10.88,1539.89892
1993,10.88,1637.60036
1994,10.89,1626.2203
1995,10.89,1596.66284
1996,10.89,1425.46878
1997,10.9,1580.23954
1998,10.9,1487.24313
1999,10.9,1384.20941
2000,10.91,1505.25259
2001,10.91,1589.34369
2002,10.92,1496.94052
2003,10.92,1445.42058
2004,10.93,1495.6695
2005,10.93,1446.5819
2006,10.94,1451.17006
2007,10.94,1491.51747
2008,10.94,1400.17014
2009,10.95,1605.51009
2010,10.96,1576.44601
2011,10.97,1551.3046
2012,10.97,1568.28478
2013,10.98,1486.5425
2014,10.99,1467.30543
2015,10.99,1526.08829
2016,11.0,1522.01664
2017,11.01,1524.68813
2018,11.01,1436.72364
2019,11.02,1575.58754
2020,11.03,1592.65362
2021,11.04,1552.64333
2022,11.04,1583.72614
2023,11.04,1400.20467
2024,11.05,1621.13219
2025,11.05,1607.7812
2026,11.05,1547.19934
2027,11.06,1381.71098
2028,11.06,1522.30782
2029,11.06,1414.40209
2030,11.06,1437.20641
2031,11.06,1429.70287
2032,11.06,1404.25546
2033,11.06,19973.7866
2034,3.774,211610.891
2035,0.01,212009.522
2036,0.009,206993.893
2037,0.009,200005.942
2038,0.009,199522.905
2039,0.008,197662.35
2040,0.009,189485.89
2041,0.008,192855.226
2042,0.008,198006.844
2043,0.008,197565.496
2044,0.008,197109.523
2045,0.008,191830.608
2046,0.008,190007.556
2047,0.008,192477.223
2048,0.008,193000.028
2049,0.008,198967.549
2050,0.008,203719.188
2051,0.008,202957.766
2052,0.008,183183.302
2053,0.008,183345.257
2054,0.007,185820.637
2055,0.007,184536.219
2056,0.007,185607.428
2057,0.007,179337.271
2058,0.007,177226.738
2059,0.007,177470.909
2060,0.007,196299.432
2061,0.007,195975.218
2062,0.007,192904.47
2063,0.007,194882.037
2064,0.007,193608.013
2065,0.007,193767.05
2066,0.007,190885.561
2067,0.007,191742.28
2068,0.007,193429.42
2069,0.007,188723.86
2070,0.007,175139.577
2071,0.007,171815.722
2072,0.007,170702.742
2073,0.007,170397.33
2074,0.007,170172.579
2075,0.007,170477.919
2076,0.007,170188.129
