Load (lbf),Resistance (Ohms)
0.00058,739800.582
0.0005,742765.137
0.00056,742158.633
0.00057,733086.056
0.00054,727444.493
0.00056,701894.345
0.0005,701862.703
0.00046,716256.862
0.00059,715523.941
0.00044,704269.263
0.00058,703080.478
0.00058,697033.077
0.00051,703110.782
0.00044,718812.688
0.00049,701650.711
0.00047,681161.367
0.00033,671188.412
0.00056,664726.562
0.0004,656615.762
0.00042,666201.952
0.0006,679085.676
0.00047,675529.125
0.0005,651162.818
0.0004,643991.126
0.00042,649825.476
0.00044,662056.912
0.00054,638973.535
0.00038,630939.066
0.00039,708534.396
0.0005,703418.27
0.00043,822908.621
0.00038,492126.071
0.00045,122336.925
0.00038,153951.399
0.0004,872344.721
0.00037,152051.095
0.0003,496857.448
0.00036,373477.505
0.00042,193379.044
0.00231,438929.263
0.12168,63008.1968
1.03867,124373.063
0.98478,109352.709
1.06288,109181.986
1.19199,101336.33
1.16732,94273.84
1.17839,89170.9632
1.29422,84588.8692
1.38028,78056.4968
1.4555,69791.7007
1.52184,63707.1205
1.59364,59616.5764
1.66228,55152.0541
1.72809,51419.1886
1.79676,49167.5595
1.8642,46672.0898
1.92861,43397.8287
1.99777,40796.6068
2.0597,39680.1095
2.13288,36519.3811
2.20396,34362.1774
2.26732,32650.2767
2.33569,30326.2166
2.40663,29027.6409
2.47308,27809.2379
2.53852,26239.1427
2.58951,24869.2978
2.67279,23044.9718
2.738,21991.9578
2.80003,21231.9813
2.86662,19534.9897
2.94308,19077.6241
3.003,17800.8627
3.06485,17190.3476
3.13134,16270.8837
3.20333,14862.8184
3.28409,14424.7859
3.34443,13759.3768
3.40658,13249.4148
3.47421,12608.3459
3.54576,12504.3998
3.61144,12083.5235
3.66788,11545.5038
3.74045,11265.715
3.80526,10937.4672
3.87062,10465.4132
3.93744,10250.0766
3.99897,9911.22689
4.07042,9605.75659
4.14036,9368.03448
4.20848,9025.98498
4.26449,8956.44727
4.33105,8700.05671
4.40062,8508.44747
4.46844,8121.79048
4.52858,7991.65185
4.60942,7846.68396
4.66624,7537.66427
4.74445,7296.21861
4.80667,7194.30123
4.8771,7067.69523
4.93602,6817.53723
5.00803,6688.19768
5.06827,6411.30868
5.13888,6367.4825
5.18408,6209.34613
5.27396,6149.23369
5.3391,5904.56391
5.39648,5845.48621
5.46755,5752.80823
5.544,5509.10536
5.64161,5544.78029
5.65088,5460.1916
5.72054,5424.52951
5.79477,5260.4889
5.85956,5208.35359
5.9416,5112.00501
6.00925,4939.72705
6.07407,4995.84638
6.12438,5073.20899
6.18853,4829.87634
6.26074,4718.66233
6.33105,4684.70026
6.39628,4631.36923
6.46992,4563.60272
6.53197,4393.17303
6.59893,4311.25512
6.67464,4311.81669
6.73302,4274.79493
6.79802,4222.11637
6.87197,4235.51894
6.92732,4007.37678
7.0018,4088.37915
7.05675,3915.57455
7.12969,3907.14207
7.20681,4034.32606
7.27158,3832.75735
7.32896,3795.73353
7.38328,3874.22626
7.46552,3614.58336
7.52817,3613.53654
7.58953,3687.97042
7.67733,3351.64996
7.75369,3625.31943
7.78802,3411.84311
7.83368,3476.82215
7.93249,3395.49604
7.99181,3339.45308
8.04681,3362.84215
8.11029,3222.40581
8.18844,3267.99484
8.27271,3294.18272
8.32454,3170.25921
8.38513,3080.975
8.46758,3127.98787
8.52173,3139.88522
8.62805,2957.36876
8.65776,2921.02529
8.7371,2946.92517
8.78074,2899.5079
8.86075,2950.1411
8.91333,3050.58444
8.98748,3037.51841
9.06573,2878.85528
9.1366,2827.18869
9.18596,2868.74715
9.25278,2908.39864
9.31166,2745.99993
9.38943,2719.80332
9.46813,2697.03175
9.52947,2710.87699
9.58032,2789.78649
9.66617,2807.49916
9.71509,2715.65151
9.80277,2641.38877
9.86718,2525.7389
9.90935,2540.03763
9.99138,2533.66834
10.0099,2651.37704
10.0131,2597.59515
10.0171,2676.73539
10.0175,2675.34349
10.0217,2627.68163
10.026,2496.80168
10.0272,2586.88478
10.0275,2546.6831
10.0283,2591.59338
10.0285,2562.41335
10.0282,246874.688
9.36808,427646.776
0.00156,485514.767
0.00147,522562.029
0.00127,521721.226
0.00115,487603.601
0.0012,595358.736
0.001,635062.418
0.00098,567415.303
0.00093,595281.777
0.00089,580616.902
0.0008,596720.57
0.00085,619780.009
0.0007,610858.199
0.00074,606129.834
0.0007,624968.44
0.00067,655622.191
0.00074,662104.473
0.00058,651137.307
0.00053,700724.351
0.00059,771025.379
0.00063,773225.488
0.00065,765632.932
0.00045,713393.207
0.0006,747334.371
0.0005,609817.38
0.00046,614961.484
0.00056,620324.87
0.0005,675835.971
0.0005,683235.915
0.00043,700550.604
0.00043,690839.444
0.00043,761748.906
0.00042,868896.873
0.00039,791853.566
0.00035,749548.946
0.0004,767479.305
0.00045,813327.948
0.00043,804150.247
0.0004,839034.378
0.00037,865900.115
0.00039,962844.942
0.00109,899766.378
0.00315,832783.459
0.0065,237581.776
0.11278,5973.76271
4.28129,23103.159
4.89979,5173.8469
4.38521,10683.3233
4.85282,7484.34519
4.57606,7187.0745
4.86932,7252.68652
4.85582,7175.92682
4.84863,6799.03287
4.99735,6425.03364
5.08964,6293.39621
5.15495,6107.42882
5.22684,6021.02769
5.29692,5884.43607
5.35772,5691.71342
5.42464,5732.1936
5.49899,5372.33861
5.63591,5411.25845
5.64079,5442.70284
5.66992,5298.96938
5.74277,5180.11227
5.81917,5016.28487
5.87904,5094.41806
5.9463,4990.96991
6.02539,4866.72993
6.0988,4833.14806
6.1411,4698.958
6.20471,4554.8394
6.28324,4739.74931
6.336,4479.24756
6.40606,4358.55952
6.5051,4458.93268
6.55689,4381.71419
6.61949,4189.7597
6.69865,4240.19879
6.75639,4064.73666
6.82168,4049.89647
6.89421,3945.74625
6.96016,4038.10249
7.03165,3952.05695
7.07857,3853.72077
7.17573,3787.86074
7.22175,3758.10821
7.28478,3646.12587
7.36314,3716.79922
7.40822,3640.93749
7.46748,3700.17953
7.55604,3524.35847
7.64012,3509.58776
7.68969,3432.71844
7.76513,3490.40093
7.8236,3296.64856
7.90939,3397.07663
7.98756,3331.70906
8.02927,3330.24278
8.06533,3259.34789
8.13034,3195.32317
8.20309,3123.17321
8.2837,3112.84162
8.35347,3104.16695
8.40879,3151.76274
8.47325,3007.71791
8.55132,2902.91634
8.60809,2956.9742
8.69489,3122.26611
8.74471,3004.25766
8.80636,2961.15153
8.85771,2873.08363
8.93947,2872.88503
9.01194,2854.71654
9.07363,2767.37199
9.15272,2829.83596
9.20584,2922.55361
9.26607,2729.9364
9.33175,2679.37491
9.40752,2855.57867
9.48247,2750.63205
9.54723,2600.1673
9.61794,2553.83573
9.66707,2465.83196
9.75007,2577.11724
9.81517,2473.08156
9.88498,2518.07972
9.94466,2478.57254
9.9962,2433.758
10.0219,2370.93255
10.0275,2466.10579
10.0284,2622.45253
10.0283,2528.89109
10.0275,2442.94726
10.0263,2429.94123
10.0248,2531.72836
10.0232,2427.09422
10.0216,2564.98933
10.0203,2449.24154
10.0189,2450.5036
10.0178,2434.82915
10.0167,2454.277
10.0156,2363.50898
10.0145,477590.846
0.00187,467582.9
0.00187,494206.356
0.00154,497134.335
0.00145,620538.015
0.00134,595305.082
0.00133,605091.803
0.00134,623795.868
0.00121,615558.468
0.00112,612533.1
0.00103,636734.288
0.00108,668618.561
0.00099,596251.739
0.00084,608879.276
0.00091,619882.246
0.00093,624333.15
0.00084,608896.786
0.00088,645659.731
0.00079,656017.406
0.00077,633616.133
0.00085,645570.164
0.00072,669048.233
0.00073,671078.233
0.00078,674939.262
0.00078,742002.81
0.00077,781559.569
0.00073,784562.096
0.00078,871298.054
0.00075,725864.933
0.0007,752051.014
0.00075,776042.395
0.00072,776790.686
0.00071,734928.175
0.00065,742489.37
0.00063,727939.464
0.00068,769825.65
0.00078,762166.772
0.00133,780242.197
0.00353,758603.197
0.00722,129433.287
0.30821,17586.6846
4.40068,6392.98409
4.57366,22434.549
4.70418,6981.09809
4.19425,9111.40642
4.48698,8178.3946
4.51268,7687.37232
4.62693,7464.48624
4.69743,7295.00667
4.76493,6928.81938
4.84774,6687.97857
4.90511,6623.6499
4.96858,6425.15221
5.04764,6236.53443
5.1083,6217.32647
5.17062,5959.50457
5.23514,5966.63166
5.30529,5795.00607
5.37629,5779.28413
5.43967,5766.95464
5.50815,5360.87349
5.63511,5426.80852
5.63452,5451.92849
5.68495,5208.83264
5.75441,4963.0506
5.82747,4887.75698
5.89012,4900.06505
5.94466,4766.82053
6.04704,4766.40167
6.10072,4641.51141
6.14771,4725.34662
6.20932,4396.26839
6.27865,4388.80782
6.35772,4260.23394
6.42713,4334.30087
6.49758,4363.17412
6.55532,4311.79006
6.61689,4143.75204
6.69617,4153.64786
6.75516,4026.92482
6.81714,3756.25797
6.89334,3737.61671
6.95414,3810.12537
7.02599,3701.5304
7.07821,3746.76001
7.1512,3713.14845
7.23062,3617.7837
7.28245,3656.79682
7.35269,3428.26116
7.41506,3605.60792
7.4589,3330.50202
7.53106,3458.84668
7.62858,3266.41228
7.68148,3281.73684
7.75987,3414.73821
7.81755,3288.46338
7.88891,3137.65769
8.01908,3244.49466
8.04347,3099.38634
8.07962,3146.11419
8.15179,3080.20261
8.21872,3166.72322
8.28939,3221.44451
8.36404,2920.11331
8.42521,2926.09368
8.48423,2965.35697
8.55608,2861.4648
8.61706,2923.64688
8.71378,2837.37978
8.75345,2943.65029
8.83051,2891.0994
8.88026,2628.03488
8.93815,2646.18648
9.02104,2766.24733
9.07304,2773.31767
9.15152,2580.13586
9.22249,2664.40603
9.28625,2610.32669
9.34251,2613.80325
9.41907,2497.60979
9.49141,2563.48211
9.55892,2416.22406
9.62818,2483.00079
9.6894,2515.24621
9.75724,2452.37667
9.82757,2623.6519
9.89343,2438.03079
9.96093,2480.31083
10.0102,2399.43948
10.0199,2451.04201
10.028,2499.19277
10.0276,2440.99128
10.0265,2590.36577
10.0251,2488.5564
10.0242,2488.4976
10.0235,2482.8105
10.023,2579.96963
10.0225,2440.05253
10.0221,497820.395
0.00187,451547.038
0.00192,489677.63
0.00173,560415.635
0.00169,663237.668
0.00152,664472.883
0.00141,587653.513
0.00137,644524.936
0.00133,648857.201
0.00124,685014.058
0.00114,659219.739
0.0012,802674.019
0.00102,725395.764
0.00113,698239.583
0.00112,726267.721
0.00108,820931.708
0.00091,686949.769
0.00095,708489.238
0.00098,745060.436
0.00088,764460.803
0.00092,693910.89
0.00087,807592.781
0.00087,761142.941
0.00088,698844.909
0.00074,698707.416
0.00084,744660.374
0.00088,785432.813
0.00075,803627.333
0.00087,771926.19
0.0008,829379.404
0.00081,787603.985
0.00071,766729.317
0.00075,708133.551
0.00077,672308.842
0.00074,646548.418
0.00074,661497.733
0.00073,672866.119
0.00241,711156.852
0.00502,747210.58
0.0137,11883.9715
3.19943,68132.9415
4.62926,12320.7703
3.76429,10224.9355
4.12475,7342.07997
3.8267,10818.4091
4.06327,9691.80798
4.20616,9311.66055
4.30547,9042.64056
4.37198,8579.95103
4.44274,8349.62484
4.51043,8299.25247
4.56959,8154.38145
4.64579,7877.5915
4.71571,7625.26037
4.78086,7355.74257
4.84508,7235.12437
4.92272,6988.16552
4.97635,6978.25283
5.04548,6695.33262
5.1148,6616.86926
5.17686,6370.37502
5.25355,6110.01109
5.31713,6268.50599
5.3792,5920.22779
5.5178,5929.29671
5.51184,5944.2225
5.56738,5843.15008
5.65448,5659.56014
5.69779,5465.43302
5.77994,5394.45567
5.84622,5418.80711
5.93435,5149.65208
5.97397,5295.88514
6.0322,5157.97612
6.14037,4996.17335
6.14734,4860.98494
6.22066,4908.65528
6.30568,4830.7782
6.3748,4751.18933
6.42113,4708.98661
6.47913,4722.49928
6.57221,4510.4775
6.62866,4520.26053
6.69173,4407.10197
6.76537,4359.26939
6.82946,4254.94032
6.89461,4235.89266
6.96941,4141.12228
7.01626,4049.40581
7.10494,4041.81039
7.15782,3974.02221
7.23683,3832.42665
7.28169,3796.3087
7.35563,3666.2294
7.41971,3755.70795
7.49833,3813.75197
7.55413,3623.67793
7.6389,3594.03722
7.69533,3562.17068
7.77407,3543.54075
7.83061,3471.02927
7.90403,3487.18214
7.96942,3480.55903
8.02932,3387.46313
8.09826,3241.19677
8.16843,3346.69722
8.24794,3236.66382
8.29596,3258.17808
8.3607,3288.04548
8.43496,3015.61509
8.5103,3099.03916
8.58206,2991.56417
8.63789,3044.75198
8.6961,3001.67477
8.75244,3051.56676
8.827,2879.54519
8.87915,2828.16126
8.95865,2910.5635
9.04741,2896.73365
9.10636,2864.87415
9.15721,2908.8162
9.22328,2801.09153
9.28843,2809.70289
9.37405,2979.092
9.42965,2846.07261
9.50674,2812.97374
9.55608,2712.34789
9.63786,2679.20189
9.70162,2560.12172
9.77217,2541.67059
9.83489,2536.05167
9.89343,2588.39579
9.97005,2588.10629
10.0067,2520.75685
10.0207,2578.50259
10.0227,2618.47218
10.0237,2619.93928
10.0237,2540.6429
10.0236,2615.69897
10.0242,2523.9235
10.0251,2520.51299
10.025,2476.83404
10.0243,2663.28352
10.0239,449271.701
0.00184,473766.673
0.00201,436370.087
0.00164,498223.894
0.00163,576718.485
0.00144,647876.169
0.00151,648678.351
0.00137,682736.174
0.00131,675569.724
0.0013,642631.847
0.00124,617494.56
0.00108,591768.931
0.00114,602025.264
0.00108,672085.124
0.00112,621209.44
0.00109,658140.713
0.00107,631789.394
0.001,685159.476
0.00108,627212.965
0.00106,624536.633
0.00103,633220.117
0.00101,732035.951
0.00102,703756.28
0.00093,747283.01
0.00095,656934.493
0.00093,626074.689
0.00089,643545.993
0.00086,628807.381
0.00089,622464.834
0.00089,638572.765
0.0008,655596.973
0.00086,652543.801
0.0008,689507.152
0.0008,713127.215
0.0008,731152.342
0.00085,743171.836
0.00145,744628.061
0.00377,739237.496
0.00754,115069.136
0.38418,26846.3601
4.27336,9155.1223
4.02627,19796.935
4.03587,11098.0567
4.34228,9872.49515
4.11727,9251.13431
4.2176,8865.79401
4.27914,8444.07307
4.34879,8169.43147
4.41369,7904.04736
4.48797,7756.49552
4.54784,7505.8269
4.61637,7212.06065
4.68471,7113.76208
4.74975,6897.91692
4.81912,6757.46932
4.88105,6653.21828
4.96669,6533.66798
5.00286,6354.23773
5.07896,6182.26111
5.14752,6011.26044
5.20743,5961.72564
5.27725,5839.36391
5.34823,5690.95129
5.47312,5696.38128
5.4745,5504.4556
5.52649,5501.82409
5.58825,5380.11728
5.66689,5229.20094
5.71501,5321.99027
5.78488,5077.95435
5.90332,5109.53918
5.94716,4974.17202
5.9992,4880.22177
6.06421,4902.0476
6.13843,4783.91759
6.18907,4650.76095
6.27221,4510.15174
6.36149,4472.97373
6.40694,4457.3657
6.47387,4271.58165
6.54342,4429.32204
6.60676,4207.24046
6.66912,4066.32879
6.75913,4040.97943
6.79665,4106.42792
6.88403,3998.67692
6.93163,3884.58242
6.99759,3830.09367
7.07962,3826.62635
7.14129,3653.40416
7.21753,3656.6267
7.2639,3724.65832
7.33631,3606.87077
7.39668,3669.64547
7.47428,3486.25556
7.52857,3463.39394
7.61293,3407.75442
7.67038,3309.47031
7.73847,3315.04442
7.82198,3257.05734
7.8783,3380.76563
7.936,3393.21898
8.01097,3284.39663
8.07168,3232.36441
8.1484,3264.18742
8.22282,3155.21658
8.27793,3089.40482
8.3388,3017.27102
8.42057,3085.66836
8.47554,2936.01096
8.58596,3151.08667
8.59618,3127.49302
8.66954,3002.20571
8.7154,2864.91391
8.77571,2902.79292
8.86104,2927.19989
8.91347,2864.40148
8.98729,2756.72601
9.05765,2799.23875
9.12996,2822.50379
9.17968,2760.06347
9.24037,2799.83914
9.32266,2705.64411
9.39854,2667.98418
9.46348,2675.41654
9.53208,2710.827
9.58154,2586.7612
9.66977,2673.15875
9.72991,2547.90429
9.80811,2501.13357
9.8644,2617.07341
9.92799,2526.03147
9.99511,2474.78343
10.014,2600.58823
10.0214,2485.34689
10.0244,2580.46185
10.0253,2342.38201
10.0239,2349.5882
10.0225,2498.3942
10.0214,2471.8289
10.0205,2412.55646
10.02,2556.15125
10.0195,2537.5536
10.0193,495979.063
1.86441,498778.646
0.00205,431541.314
0.00186,489591.338
0.00172,589837.517
0.00171,667669.927
0.00161,650700.638
0.00149,612309.029
0.00141,686251.056
0.00141,655918.372
0.00129,728989.301
0.00126,705884.095
0.00122,723950.792
0.00114,676692.084
0.00115,697471.293
0.00115,680287.5
0.00112,698857.613
0.00107,775437.167
0.00105,809885.661
0.00103,747776.897
0.001,736558.872
0.00106,686107.518
0.001,752697.393
0.00094,741470.156
0.00093,796714.474
0.00093,761098.255
0.00099,683677.353
0.00086,718151.403
0.00096,677773.396
0.00091,691793.617
0.00085,689519.104
0.00092,701521.101
0.00086,704116.717
0.00088,737169.64
0.00085,728281.875
0.00086,718960.622
0.0008,690607.394
0.00091,732712.546
0.0028,757005.361
0.00547,784310.586
0.01643,14615.2727
4.14333,4920.46431
4.28395,18570.5313
4.61653,6744.62698
4.57825,7974.32254
4.84516,8098.21001
4.50425,7637.78215
4.54997,7434.62848
4.69453,7131.99981
4.779,6926.74633
4.84558,6674.31394
4.91343,6506.37423
4.99186,6233.74097
5.06247,6050.52737
5.11222,6126.26272
5.18763,5846.05151
5.25404,5770.40938
5.31873,5837.4652
5.38082,5552.82456
5.4573,5506.78815
5.57655,5358.45129
5.59115,5286.64577
5.6253,5354.75686
5.69726,5115.48568
5.77542,5028.67651
5.8245,5148.30517
5.90876,4883.10916
6.00111,4913.38364
6.05867,4744.68966
6.1082,4694.14896
6.17197,4711.23177
6.24127,4523.6921
6.31018,4365.12215
6.373,4394.80195
6.47056,4249.01063
6.51736,4252.34988
6.5784,4011.71333
6.65586,4132.67805
6.71953,4041.60953
6.77678,3959.06399
6.86104,4014.42247
6.91448,3936.20168
6.99414,3902.3599
7.03626,3837.18638
7.11175,3946.12499
7.19352,3829.06086
7.24945,3708.63323
7.32529,3627.38581
7.38017,3424.7857
7.44866,3598.05464
7.50395,3450.07118
7.57243,3585.40044
7.65154,3355.04125
7.72024,3597.60688
7.78018,3170.77561
7.85689,3290.49191
7.93671,3207.94345
7.99614,3178.36824
8.0521,3212.85407
8.12433,3124.18879
8.19236,3044.7412
8.24951,3018.53381
8.32204,3015.84561
8.39496,2924.60087
8.44769,2982.43293
8.52252,2855.26569
8.58154,2891.98376
8.68181,2851.39827
8.71411,2868.66501
8.7884,2807.55969
8.84812,2720.25237
8.90656,2855.30344
8.9914,2889.27304
9.0439,2861.9828
9.12021,2801.16625
9.19005,2752.63101
9.25454,2630.02338
9.30299,2792.02685
9.37774,2596.28472
9.45376,2602.65655
9.52073,2599.49983
9.58746,2615.34768
9.65662,2608.19843
9.70978,2477.75215
9.80121,2423.03115
9.85723,2587.29399
9.92795,2435.85443
9.98328,2391.97154
10.0189,2498.33562
10.0301,2397.57361
10.031,2457.4273
10.0292,2440.88119
10.0273,2477.09235
10.0254,2432.5378
10.0237,2365.58983
10.0223,2411.37266
10.0211,2440.39083
10.0201,2472.46534
10.0191,516668.4
8.69363,473801.353
0.00203,428763.28
0.00197,478488.919
0.00179,547607.939
0.00171,588271.232
0.00169,614692.624
0.00168,656526.368
0.00165,638984.451
0.00151,737224.332
0.00147,749559.346
0.00129,664231.503
0.00141,771272.381
0.00131,722141.129
0.00131,746722.535
0.00119,818828.1
0.00116,853185.986
0.00119,843840.694
0.00126,787920.202
0.00122,785427.516
0.0011,731471.963
0.00116,756766.874
0.00126,864454.474
0.00121,847293.83
0.00099,807225.624
0.00116,728810.035
0.00101,760772.127
0.00113,758579.639
0.0011,797564.079
0.00108,713815.912
0.00112,741532.629
0.00106,748698.166
0.00106,745064.647
0.00101,715581.168
0.00248,830462.338
0.0051,828359.214
0.01342,14298.101
3.19846,19199.3261
4.31741,11224.9535
3.75535,15777.0258
4.2503,9192.32052
3.91988,9023.64203
4.22906,8819.3571
4.22063,8295.43577
4.33718,8000.4391
4.41671,7803.41196
4.48553,7574.02575
4.55631,7302.60838
4.61386,7345.41243
4.68822,7072.0927
4.75875,6893.9009
4.82385,6474.78924
4.93323,6475.45094
4.9399,6467.85443
4.99349,6229.15699
5.08435,6170.817
5.15998,6113.83566
5.22367,5831.46357
5.28995,5804.05893
5.36187,5461.48439
5.44314,5523.43917
5.53955,5430.34167
5.53519,5356.37674
5.60881,5193.9532
5.69534,5137.76564
5.75742,5044.39919
5.82987,4845.24136
5.90391,4835.35902
5.97301,4908.03805
6.02659,4630.44546
6.0809,4524.47455
6.16734,4636.9969
6.2437,4571.90259
6.28108,4352.67206
6.36597,4292.87594
6.43274,4260.50346
6.49521,4203.44516
6.57482,4218.91093
6.63291,4170.72489
6.6974,4155.11917
6.77545,4056.52258
6.82394,3967.34212
6.91351,3857.29455
6.95058,3731.67445
7.03002,3735.8974
7.10841,3885.08183
7.16107,3719.09753
7.25113,3632.72182
7.28776,3574.91872
7.36905,3599.31127
7.42246,3591.23095
7.49533,3363.88447
7.5652,3425.53652
7.64084,3376.50565
7.69081,3304.67623
7.76377,3352.64442
7.85322,3249.58794
7.90954,3251.6803
7.97678,3222.82033
8.01717,3220.99022
8.11456,3242.45814
8.16822,3199.84804
8.24429,2941.30589
8.30314,3112.12444
8.36466,3230.08589
8.44025,3180.94528
8.49945,2868.42254
8.59101,2908.10591
8.63226,2920.15185
8.69133,2922.22152
8.7501,2613.16525
8.8267,2810.87889
8.88594,2905.93558
8.95765,2789.79173
9.03306,2637.52659
9.09457,2761.65193
9.15646,2776.67982
9.20551,2577.64844
9.26905,2667.69769
9.34875,2586.98406
9.42451,2546.54246
9.49331,2614.28145
9.5591,2626.74092
9.61962,2473.61769
9.70099,2418.71805
9.75901,2454.42531
9.83377,2487.08186
9.8907,2471.08028
9.95818,2472.65743
10.013,2536.03032
10.0226,2548.32067
10.0257,2382.56872
10.0256,2481.73605
10.0246,2448.84202
10.0232,2512.58131
10.0214,2310.99419
10.0197,2389.73868
10.0183,2441.24228
10.017,2454.4402
10.0158,2434.13326
10.0146,2524.03212
10.0134,2569.16577
10.0122,2438.9091
10.0112,505270.742
7.63938,429182.557
0.0023,431189.868
0.00211,448793.681
0.00186,517930.335
0.00186,569434.811
0.0018,582930.607
0.00161,635314.614
0.00161,611324.634
0.00155,687471.536
0.0015,765745.636
0.00144,663126.522
0.0014,650745.173
0.0014,616846.814
0.0013,713670.165
0.00133,764587.803
0.00136,848639.135
0.00119,888677.62
0.00134,812626.149
0.00121,796900.533
0.0011,798412.451
0.00114,758002.775
0.00121,731602.644
0.00115,822935.614
0.00121,863842.589
0.00127,890034.628
0.00115,746833.556
0.00113,717589.25
0.00112,786678.349
0.00107,791186.708
0.00108,717815.875
0.00108,706860.46
0.00099,678449.707
0.00093,658386.426
0.00107,652004.498
0.00108,661851.386
0.00099,690549.553
0.00113,645637.227
0.00316,787130.8
0.00607,582854.435
0.02317,11020.7422
3.87202,16509.4215
3.96558,7719.13547
4.18536,12181.6911
3.77179,9762.23092
3.87496,9506.93239
4.14338,9196.98712
4.2248,8631.92458
4.30589,8160.99768
4.36912,8005.48462
4.44063,7727.89646
4.50408,7414.61449
4.57283,7338.18165
4.63959,7136.98831
4.69912,7054.33323
4.77606,6819.07424
4.84399,6393.29763
4.91768,6430.85865
5.01356,6485.19477
5.00898,6182.40684
5.0931,6196.19173
5.17412,5888.82377
5.24687,5923.71063
5.308,5889.09182
5.37548,5658.36965
5.44464,5413.13676
5.5377,5404.88479
5.61543,5404.57386
5.61437,5350.50786
5.70237,5249.01648
5.77754,5237.62551
5.84141,4931.39723
5.91541,4833.19996
5.99304,4928.24516
6.04939,4790.23441
6.11602,4570.83707
6.1645,4640.98387
6.24366,4577.89919
6.3024,4588.39259
6.35941,4407.41495
6.46877,4512.49605
6.50845,4259.91502
6.58041,4196.4328
6.65926,4167.06891
6.71462,4100.70267
6.78263,3940.92044
6.86572,3901.04485
6.90843,3876.27505
6.9943,3909.19436
7.0435,3801.86355
7.11013,3892.86604
7.19041,3628.763
7.2452,3484.15977
7.34513,3742.45583
7.37171,3604.96056
7.43916,3462.45272
7.49687,3574.71732
7.56084,3304.63424
7.637,3422.88997
7.70464,3416.25002
7.77015,3265.92023
7.83455,3279.61337
7.94616,3181.00761
7.99467,3184.89632
8.02886,3241.54016
8.09017,3114.34592
8.14162,3098.71775
8.23053,3227.06809
8.3028,3202.96313
8.36336,3081.00576
8.4248,2996.03997
8.48786,2966.41191
8.55305,3010.12263
8.67488,2855.48561
8.71274,2941.79679
8.73929,2778.18884
8.78441,2736.37525
8.83657,2868.95664
8.89704,2875.89637
8.96107,2883.98318
9.0245,2745.26439
9.0979,2841.24775
9.15548,2743.90007
9.21749,2736.42545
9.26914,2746.61891
9.34264,2664.57001
9.42227,2707.12962
9.49594,2756.53812
9.56839,2653.23139
9.64077,2621.24502
9.69458,2580.63501
9.78161,2601.17396
9.84061,2439.56233
9.91948,2609.27824
9.97265,2570.77463
9.99804,2610.55265
10.0106,2366.74464
10.0182,2481.26252
10.0231,2422.49081
10.0272,2485.58646
10.0268,2569.53654
10.0282,2500.88448
10.0287,2624.3221
10.0281,2550.68204
10.0275,2603.99993
10.0272,2485.6322
10.0271,2469.96352
10.0271,2359.92136
10.0273,2667.09862
10.0243,440434.908
0.00234,458776.044
0.00217,493812.619
0.00205,489437.685
0.00178,525210.137
0.00185,555996.845
0.00183,604785.159
0.0017,682829.075
0.00154,607826.5
0.00147,686955.994
0.00145,662203.944
0.00144,615872.112
0.00148,740886.489
0.0013,630109.867
0.00133,750733.104
0.00128,859644.121
0.00121,890996.239
0.00124,783583.746
0.00124,839816.701
0.00122,819834.683
0.00122,798797.966
0.00119,768216.209
0.00114,806659.579
0.00115,862316.907
0.00114,889065.604
0.0011,791582.07
0.00109,808988.406
0.00107,778687.095
0.00107,799662.116
0.001,799220.407
0.00105,729027.502
0.001,720349.818
0.00103,714380.839
0.00101,710909.896
0.00099,805661.26
0.00103,786451.407
0.001,769690.142
0.00105,734077.212
0.00089,747866.686
0.001,748381.902
0.00105,739873.408
0.00095,762480.176
0.00096,767662.408
0.00096,723682.755
0.00177,741788.102
0.00398,846724.6
0.00758,101017.875
0.28096,12741.163
4.57143,6818.2199
5.35316,14336.8173
4.65554,7659.37969
5.13143,6736.57838
4.96505,6590.59142
5.01434,6671.0055
5.00494,6425.8251
5.1335,6061.42553
5.22134,5886.37326
5.2792,5891.67003
5.34572,5726.51337
5.41911,5537.99271
5.54078,5417.8835
5.53361,5493.7705
5.59445,5304.57486
5.66434,5182.64186
5.73802,4960.20602
5.80866,5091.35873
5.87996,4826.68394
5.94971,4935.46148
6.00919,4735.99091
6.04685,4916.18358
6.12039,4634.49822
6.20865,4504.0934
6.24296,4532.7852
6.33264,4552.06625
6.41542,4367.7979
6.46585,4310.21165
6.53316,4125.2116
6.60601,3986.34548
6.67468,4079.11242
6.73291,3936.29917
6.81506,3965.88892
6.86509,3917.43817
6.94682,3857.81141
6.99867,3792.49922
7.06635,3687.48386
7.14532,3711.54467
7.20798,3699.90701
7.26778,3669.14432
7.32534,3636.13239
7.40291,3504.40363
7.45452,3498.41741
7.52471,3518.06256
7.60029,3394.71638
7.6696,3307.66446
7.74553,3238.94572
7.80561,3337.8559
7.87949,3025.71712
7.9572,3214.42688
8.00625,3129.73702
8.07424,3245.23259
8.14242,3211.03855
8.20627,3086.8507
8.28357,3005.04139
8.34399,3022.27912
8.40597,3019.46331
8.47542,2994.01287
8.54063,2940.10005
8.62284,3019.82713
8.67266,2935.12573
8.75233,2965.64607
8.80423,2843.88413
8.85694,2790.93964
8.93529,2734.3393
8.99784,2828.87231
9.07379,2653.39109
9.14524,2716.5916
9.20886,2616.16168
9.26537,2694.8064
9.33736,2589.73078
9.40013,2624.31484
9.47686,2521.05495
9.54022,2517.07523
9.61147,2413.19003
9.66762,2466.53966
9.74779,2412.96425
9.80548,2378.71562
9.88202,2504.85113
9.94139,2621.94897
10.0031,2550.28595
10.0286,2506.38664
10.0307,2427.01254
10.0315,2502.70814
10.0299,2293.89012
10.028,2446.40283
10.0268,2514.00079
10.0257,2451.48055
10.025,2369.37102
10.0244,3612.04492
10.0063,427829.169
0.00214,480470.637
0.00223,467636.099
0.00204,533342.46
0.002,526960.304
0.00182,585380.968
0.00176,624259.114
0.0017,657932.681
0.00165,641436.751
0.00156,602096.336
0.00144,563731.683
0.00142,597592.9
0.00138,643133.296
0.0014,817220.302
0.00136,806935.479
0.00129,762177.783
0.00138,777910.053
0.00135,811581.575
0.00124,802215.505
0.0013,771211.396
0.00127,801637.164
0.00131,844410.501
0.00127,862984.638
0.00116,856492.298
0.00123,810879.251
0.00116,791818.1
0.00117,798081.261
0.00114,821561.447
0.00108,877178.024
0.00122,778972.541
0.00115,758534.718
0.0012,784278.067
0.00117,827130.607
0.00119,821242.124
0.00329,798455.652
0.00617,470444.332
0.03164,9452.93426
3.51832,24550.7821
3.43296,10876.4408
3.97803,8237.64488
3.52736,10184.7997
4.04464,10689.4899
3.87463,10233.9353
3.9225,9709.73414
4.05699,9359.66883
4.13483,8742.71152
4.20715,8689.96984
4.27439,8323.01108
4.33605,8089.9388
4.40839,7859.25131
4.47088,7646.30671
4.53565,7559.41071
4.6065,7278.97577
4.66649,6976.74603
4.74324,6875.54651
4.81376,6723.01194
4.92165,6488.95929
4.95283,6495.60856
4.97253,6352.46549
5.0299,6167.53857
5.11802,6126.1429
5.20054,5921.60805
5.25967,5741.50306
5.32765,5677.51079
5.39629,5478.70065
5.50711,5601.31921
5.55648,5374.85394
5.58926,5359.66172
5.65202,5340.70126
5.73297,5177.75152
5.79654,4968.13678
5.86211,4962.80135
5.9494,4983.95541
6.00901,4855.41071
6.06011,4747.56399
6.12625,4793.61264
6.18811,4616.8865
6.26709,4549.1894
6.31972,4477.68796
6.41828,4292.92876
6.46679,4321.36525
6.53239,4151.21425
6.61846,4174.38521
6.66652,4274.47506
6.72858,4063.27986
6.81066,4059.40769
6.87706,3909.6806
6.94686,3857.18704
6.9981,3971.31707
7.05203,3876.67761
7.14805,3738.73884
7.20289,3661.31651
7.28231,3750.18377
7.324,3633.64195
7.39674,3457.28447
7.45357,3623.50186
7.53621,3441.83121
7.60164,3455.37049
7.6821,3434.68502
7.74309,3342.91744
7.80369,3327.54283
7.88839,3173.02876
7.94848,3149.04618
7.99538,3039.92712
8.07914,3102.99461
8.14973,3140.03462
8.21676,2966.08994
8.27931,3248.05364
8.33581,2991.40644
8.40838,3088.33851
8.47394,2969.20204
8.57482,2797.54028
8.62286,2970.98179
8.64514,2936.69153
8.72087,2777.85062
8.78069,2870.82287
8.86031,2832.51049
8.91807,2867.87352
8.9847,2688.9402
9.06448,2739.4526
9.12267,2676.15198
9.17812,2585.5106
9.23896,2824.54552
9.29528,2549.52328
9.3795,2560.20845
9.46547,2473.88312
9.53337,2487.97346
9.58248,2594.89491
9.66722,2664.29769
9.73176,2501.64537
9.80116,2592.24259
9.86366,2467.89052
9.92223,2435.02114
9.99054,2467.2519
10.0163,2394.34929
10.023,2471.13853
10.0243,2516.6617
10.0235,2483.5081
10.0226,2307.50027
10.022,2337.90327
10.0212,2533.27345
10.0203,2428.30161
10.0194,2480.22735
10.0184,2444.89746
10.0176,2437.61802
10.017,2424.62832
10.0167,2424.47568
10.0171,2444.90665
10.0146,452382.979
0.00244,442624.756
0.00238,477465.083
0.00223,455976.827
0.00208,514872.885
0.00204,529802.643
0.00192,568106.693
0.00184,650226.762
0.00184,714897.72
0.00179,582952.82
0.00177,608463.149
0.00171,581266.826
0.00168,563509.113
0.00168,609951.932
0.00144,693942.262
0.00154,749458.117
0.00154,673923.828
0.00141,710692.657
0.00152,711238.694
0.00143,736851.359
0.00137,790164.702
0.00148,776304.663
0.00145,808522.269
0.00147,808236.464
0.00141,795087.391
0.00138,822035.591
0.00134,811566.415
0.00135,825003.614
0.0014,868144.816
0.0013,851718.508
0.00135,867184.896
0.00135,835529.43
0.00123,769621.399
0.00124,743853.621
0.00133,733765.063
0.00122,685404.572
0.00122,681035.793
0.00314,803545.832
0.00583,860982.781
0.01643,15776.6714
3.81194,5350.73178
4.62962,25358.7414
4.292,7656.05942
3.80312,9289.46029
4.07859,8580.10591
4.44371,8338.6169
4.38189,8414.93535
4.37328,8182.281
4.40459,7737.49386
4.5563,7362.04762
4.64323,7104.19935
4.70302,6943.2212
4.77762,6940.61644
4.84606,6767.95872
4.90929,6507.58056
5.00821,6279.92591
5.036,6251.55714
5.0912,6084.43963
5.17926,5919.70017
5.24789,5879.85428
5.30837,5694.08061
5.37626,5702.69939
5.44518,5440.74067
5.54755,5390.94605
5.59516,5460.89652
5.61941,5241.59145
5.68556,5178.9046
5.76656,5194.66861
5.8283,4937.05047
5.90057,4837.20082
5.96065,4799.305
6.05238,4820.28328
6.10209,4651.22641
6.16554,4769.22724
6.23399,4358.3425
6.29801,4246.3269
6.37327,4376.52392
6.45881,4368.71731
6.503,4304.81275
6.56279,4176.33617
6.6459,4101.55605
6.71506,4050.46486
6.76508,3874.87041
6.8462,3926.19681
6.90331,3763.38909
6.99225,3670.70835
7.0355,3765.01114
7.10053,3702.37247
7.17416,3661.17293
7.24388,3539.80975
7.32086,3557.01886
7.36872,3458.29199
7.43519,3393.30888
7.50428,3340.12792
7.57449,3360.70753
7.65279,3130.6023
7.68782,3266.43075
7.7859,3274.8351
7.82225,3138.54801
7.94527,3082.24965
7.97074,3085.66112
7.99906,3091.68676
8.1123,3002.46514
8.16257,3230.02965
8.21994,3025.73282
8.30058,2944.93954
8.36424,2952.62834
8.42361,2876.05947
8.49116,2864.02945
8.55971,2894.92375
8.64187,2823.98033
8.71078,2726.99943
8.759,2787.49384
8.82547,2729.92455
8.88136,2692.19519
8.95653,2645.87839
9.01389,2626.92592
9.08657,2498.92343
9.16443,2577.73289
9.23051,2491.80773
9.28267,2531.27008
9.34539,2651.05241
9.42026,2514.24988
9.4993,2389.9533
9.56299,2518.08042
9.62876,2464.57896
9.68991,2470.63896
9.77403,2360.13482
9.82727,2338.2278
9.89821,2420.71852
9.96599,2393.40496
10.0063,2223.89227
10.0223,2268.98378
10.0284,2245.50021
10.0282,2378.52297
10.028,2193.76714
10.0273,2431.19798
10.0261,2380.06601
10.0251,2293.29771
10.0241,2386.47965
10.0232,2170.41727
10.0224,2359.05259
10.0216,2577.85892
10.0164,420297.541
0.00259,441971.997
0.00255,461827.02
0.00227,496542.554
0.0022,543344.151
0.00207,532021.373
0.002,612911.959
0.00201,621544.263
0.00184,708938.569
0.00184,587022.531
0.00186,688081.398
0.00179,571044.118
0.00163,647440.116
0.00171,636477.231
0.00163,764023.577
0.00166,800478.895
0.00159,752344.434
0.00168,734743.508
0.00155,733504.735
0.0015,805396.304
0.00156,794765.301
0.00154,817572.31
0.00152,868308.986
0.00149,913048.559
0.00149,768000.505
0.00147,755323.639
0.0015,837226.008
0.00144,800176.705
0.0014,734141.853
0.00142,705843.522
0.00138,720222.405
0.00131,726677.56
0.00144,710799.807
0.00138,699388.978
0.00137,727925.821
0.00141,732249.303
0.0014,727461.982
0.00293,741909.937
0.00533,699295.526
0.01333,10131.2793
2.69749,63705.1374
4.37412,9062.57373
3.72663,8947.33182
4.33266,7455.23791
3.81483,9988.54579
3.99605,9273.6159
4.20297,8821.52262
4.29978,8417.71196
4.3656,8173.19927
4.4395,7805.63723
4.50322,7563.22203
4.56868,7327.76923
4.64164,7171.79635
4.69731,6993.9717
4.77164,6781.88427
4.84778,6641.42291
4.90706,6429.42567
5.00236,6444.49424
5.02747,6234.93089
5.0625,6123.17978
5.14651,5973.77985
5.22498,5871.09982
5.29253,5847.7196
5.36382,5751.47642
5.42572,5524.85103
5.50271,5328.57697
5.6118,5408.34586
5.61588,5322.3144
5.67089,5310.18924
5.7249,5177.24824
5.81593,5002.42224
5.86906,4948.66766
5.94586,4913.34909
5.98509,4841.65895
6.09727,4718.93947
6.15779,4646.67345
6.22009,4572.81627
6.26874,4519.31462
6.34559,4346.90977
6.42224,4326.99753
6.49947,4076.15955
6.55137,4138.80126
6.6152,4088.08526
6.70608,3926.33817
6.75266,4089.24934
6.81477,3938.33668
6.89042,3881.84271
6.9642,3891.97661
7.03253,3792.493
7.07717,3699.23349
7.13827,3688.78906
7.22552,3758.25573
7.29325,3555.61468
7.36246,3494.81162
7.40393,3500.60078
7.47747,3454.49593
7.55122,3281.70381
7.61319,3374.08172
7.67616,3254.66701
7.7721,3346.98218
7.81933,3363.66419
7.91357,3191.2403
7.9678,3197.95651
8.03027,3201.05714
8.0821,3100.85065
8.15552,3141.84119
8.22764,2940.50002
8.30105,2940.08477
8.3602,2921.8166
8.41456,2932.46735
8.49073,2935.93055
8.56187,2921.38597
8.63615,2872.93658
8.71912,2883.83009
8.73995,2819.64682
8.7955,2829.04243
8.85058,2854.25755
8.93084,2753.23826
8.98764,2784.04629
9.05161,2810.78955
9.13204,2620.65157
9.20377,2541.9219
9.26488,2673.71774
9.32148,2557.26108
9.37499,2777.65758
9.45385,2561.72373
9.52981,2717.67789
9.60166,2547.61417
9.66413,2307.50625
9.74087,2471.60525
9.80984,2381.27619
9.87367,2307.77545
9.94406,2385.54798
9.98868,2550.16495
10.0129,2389.49286
10.0227,2554.27597
10.0293,2371.19894
10.0304,2432.02582
10.0294,2403.96194
10.0281,2393.02018
10.0273,2340.03385
10.0269,2391.03714
10.0262,2377.11987
10.0252,2378.45004
10.0245,2376.56577
10.0236,2282.84366
10.0227,2427.97547
10.0219,2765.30323
10.0053,440685.558
0.00268,432168.654
0.00252,466971.807
0.00241,477978.87
0.00234,502365.424
0.00219,508983.209
0.00227,604293.56
0.00207,604893.197
0.00197,675839.356
0.00201,581571.114
0.00194,602815.972
0.0019,640148.398
0.00191,603679.546
0.00183,592343.896
0.00176,618337.915
0.00179,632147.546
0.00177,652929.476
0.00173,667029.756
0.0017,710000.182
0.00164,712123.908
0.00162,775094.593
0.00166,761352.696
0.00155,824428.08
0.0017,823550.029
0.00157,831904.884
0.00141,739137.095
0.00158,734134.483
0.00165,778804.879
0.00158,699189.293
0.0015,769746.532
0.00157,680480.711
0.00152,639725.847
0.00154,698211.13
0.00152,763327.822
0.00154,772778.018
0.00154,824054.882
0.00145,821496.034
0.00149,828387.164
0.00142,860449.554
0.00152,820392.311
0.00254,862123.773
0.00486,824229.695
0.00967,26314.1947
0.92267,10859.3812
4.18069,32000.3055
4.25312,5722.08392
3.99003,9345.71529
4.22427,8876.5984
4.25155,8218.07346
4.37844,7890.83719
4.47858,7643.07958
4.55147,7382.96413
4.61695,7273.91058
4.68643,7037.03655
4.75536,6781.27401
4.82068,6656.11062
4.89679,6579.47415
4.95733,6221.44348
5.07989,6268.95436
5.08379,6082.02502
5.14334,6136.78921
5.16929,5931.71361
5.27047,5817.94994
5.34715,5636.74616
5.41275,5476.07042
5.4777,5495.63036
5.54648,5347.24831
5.68623,5167.6656
5.69532,5335.18178
5.72966,5056.77222
5.78269,5074.53934
5.86099,5053.94647
5.92235,4876.01949
6.00549,4641.55756
6.04724,4671.83224
6.17041,4584.70162
6.20415,4383.51785
6.26643,4428.2626
6.31809,4520.0298
6.37119,4367.56617
6.4605,4352.95605
6.55289,4209.22582
6.60221,4096.29154
6.66471,3905.54434
6.75216,4055.99334
6.80346,4029.14867
6.86289,3876.59193
6.94318,3898.21885
7.02415,3690.85413
7.08288,3755.47465
7.1242,3555.40246
7.18045,3568.00337
7.27714,3511.80594
7.34995,3502.81136
7.40887,3438.16545
7.4651,3383.53747
7.52285,3205.60065
7.59907,3260.84632
7.66143,3435.95017
7.73447,3294.27682
7.80126,3199.82844
7.87588,3164.44829
7.96586,3100.29909
8.01422,3128.83153
8.06847,3002.86754
8.13823,2915.60247
8.20339,3107.17476
8.28105,2986.16652
8.34942,3022.77977
8.40264,2888.52351
8.47106,2899.56874
8.54395,2928.21593
8.60442,2878.0524
8.70553,2734.17362
8.74483,2771.50232
8.80636,2773.02033
8.86055,2578.65297
8.93942,2759.11782
8.99559,2678.32355
9.06618,2600.05838
9.14999,2610.20039
9.20072,2630.0582
9.26231,2592.1915
9.32828,2549.79539
9.4006,2461.76951
9.47071,2463.97501
9.54,2467.27353
9.61054,2463.80931
9.66448,2373.39827
9.75286,2297.17187
9.81025,2524.51531
9.88407,2288.7158
9.94362,2429.05399
10.0001,2421.86202
10.0241,2359.52914
10.0343,2257.42176
10.0321,2395.43857
10.0296,2440.58744
10.0274,2430.02727
10.0254,2396.35597
10.0238,2289.13722
10.0223,2343.82017
10.0208,2409.04521
10.0195,2213.19464
10.0181,2497.14556
10.0168,2277.92988
10.0159,2417.35568
10.0149,2238.31122
10.0136,447182.849
0.00286,443019.571
0.00276,489182.397
0.00253,470988.6
0.00241,549507.333
0.00239,468608.929
0.00228,525294.39
0.00205,629266.084
0.00207,706545.282
0.0022,591752.777
0.00211,675790.181
0.00192,678056.265
0.00187,596941.262
0.00203,644727.502
0.00183,575336.748
0.00189,570032.611
0.00187,640153.315
0.00184,698925.302
0.00183,706140.235
0.00172,695693.087
0.0018,737010.394
0.00172,761222.987
0.00185,725226.615
0.0018,730674.243
0.00175,739178.23
0.00179,764612.33
0.00179,818660.506
0.00177,823777.366
0.0017,731762.642
0.00175,727154.739
0.00171,731662.12
0.00171,708243.304
0.00161,724397.523
0.00161,727141.482
0.00293,787245.348
0.00544,804087.126
0.0129,10366.9629
2.51658,23077.8767
3.85979,6675.59729
3.90532,10751.7967
3.77159,9355.18244
3.79038,9041.16063
4.07865,8804.52277
4.0793,8485.61048
4.19849,8183.02421
4.27605,7860.08003
4.34309,7584.87605
4.40325,7349.32595
4.47748,7291.41633
4.53585,7086.35032
4.60797,6926.32912
4.68003,6610.06009
4.73868,6618.08478
4.82023,6209.71818
4.8753,6122.34563
4.99866,6106.28215
5.00148,6087.96215
5.05569,5945.7137
5.09161,5792.37381
5.1857,5525.68558
5.26533,5615.48704
5.32498,5469.14144
5.39594,5213.28153
5.46366,5315.8853
5.5988,5247.80132
5.60406,5109.9655
5.64632,5107.49319
5.70346,5096.25136
5.77727,4930.72828
5.84313,4816.52083
5.92818,4810.65585
6.00415,4748.94801
6.06164,4635.10092
6.11623,4595.04037
6.18149,4480.54775
6.24741,4328.50224
6.32001,4383.21162
6.36759,4255.6459
6.43749,4088.16392
6.52019,4194.48526
6.58776,3963.18717
6.66755,4098.8293
6.72071,3905.85396
6.78668,3840.47213
6.85933,3781.96002
6.94074,3715.35395
6.99702,3864.90887
7.04606,3696.44344
7.10708,3835.3139
7.19231,3563.7406
7.26973,3566.35165
7.32446,3546.75106
7.37695,3468.49042
7.44677,3382.93512
7.52751,3409.62243
7.58339,3328.78928
7.65406,3230.1529
7.72715,3276.49509
7.78046,3217.98135
7.88289,3197.69933
7.95558,3172.99694
7.99638,3064.30168
8.04664,3129.6408
8.10795,3054.76144
8.19675,3052.22407
8.26933,3118.1557
8.32598,3064.04673
8.38941,2879.96319
8.4602,2943.06528
8.52036,2904.18971
8.62876,2845.6261
8.66316,2841.81828
8.71285,2799.34492
8.78197,2852.72345
8.86212,2875.84178
8.91792,2708.88846
8.99742,2692.04965
9.06585,2647.3569
9.13212,2731.85907
9.17887,2675.14505
9.23986,2778.23373
9.30198,2602.48108
9.38901,2501.24949
9.46621,2508.15295
9.53226,2425.93356
9.58006,2528.04172
9.67119,2512.90332
9.73092,2380.46202
9.80624,2444.89424
9.85663,2485.85188
9.92559,2441.69018
9.99033,2594.40627
10.0215,2451.42921
10.0251,2263.30154
10.0301,2484.12328
10.0295,2450.91465
10.0307,2429.91724
10.0293,2420.00322
10.0277,2419.39479
10.0265,2428.15978
10.0253,2351.63698
10.0244,2395.11435
10.0235,2481.23988
10.0227,488561.482
8.35881,398335.889
0.00283,438764.434
0.00277,460607.45
0.00256,464934.443
0.00246,517582.547
0.00239,452244.083
0.00226,547805.992
0.0023,665599.219
0.00214,641848.532
0.00211,566773.452
0.00211,619985.03
0.00205,657173.86
0.00201,589959.057
0.002,601195.279
0.00197,565386.428
0.00197,538090.755
0.00192,577319.62
0.00183,593403.678
0.0018,679622.397
0.00194,694919.329
0.00179,707913.446
0.00177,721848.031
0.0018,699207.99
0.00187,688917.48
0.00186,733800.315
0.00183,735870.571
0.00168,781262.965
0.00173,736864.679
0.00173,740972.054
0.00173,695793.01
0.00173,651001.846
0.00176,645372.032
0.00165,662722.922
0.00171,652553.27
0.0017,667596.084
0.00169,673125.071
0.00162,667965.378
0.00304,802573.054
0.00542,728817.9
0.0122,8332.61112
2.19259,11807.7937
4.19149,5449.96139
4.7021,9227.65518
4.92624,8637.9969
5.07655,6764.88153
4.91011,6731.18431
4.87853,6645.51924
4.86813,6520.21445
4.87849,6257.06239
5.05094,6057.67327
5.12812,6013.25152
5.21413,5816.77357
5.28402,5696.05315
5.35119,5672.68976
5.41675,5483.27401
5.48898,5238.07727
5.60086,5270.70967
5.61152,5217.95456
5.66496,5126.90069
5.71563,4918.20683
5.80615,4785.5795
5.87141,4908.47701
5.94027,4848.42116
6.0116,4679.04984
6.07855,4515.51058
6.1343,4709.03562
6.20619,4446.60842
6.27039,4300.1887
6.32943,4394.39513
6.39338,4323.02196
6.47868,4190.51799
6.54278,4168.76631
6.60287,4047.20907
6.68691,3982.45837
6.74576,4081.94539
6.81188,4046.00442
6.88883,3760.4499
6.96323,3878.78865
7.01756,3728.18574
7.07298,3870.8442
7.13802,3671.3337
7.20148,3581.53104
7.28142,3465.13453
7.34561,3568.80895
7.39979,3382.94852
7.46296,3418.47105
7.54346,3563.05766
7.60462,3328.29108
7.69487,3139.24442
7.75106,3232.23015
7.81404,3256.00803
7.90302,3083.21339
7.96921,3154.16854
8.0196,3212.50582
8.0721,3196.20295
8.14306,2960.05518
8.21994,2888.62182
8.289,3061.06429
8.34923,2804.03951
8.41129,2908.08984
8.4836,2943.22441
8.5425,2858.73761
8.63783,2908.99344
8.68509,2774.10805
8.73741,2720.45802
8.80334,2833.49332
8.88365,2840.81012
8.93784,2601.74777
9.01527,2588.87794
9.09333,2789.66359
9.14476,2623.03688
9.20228,2708.41191
9.26991,2680.3579
9.34265,2571.84457
9.41329,2595.17518
9.47925,2600.77468
9.5528,2510.75231
9.61797,2535.49278
9.6936,2509.77261
9.75328,2522.53004
9.82284,2459.33852
9.88063,2558.82025
9.94908,2412.06163
10.0106,2319.9614
10.024,2530.30192
10.0248,2526.38835
10.0251,2505.17511
10.0253,2282.25145
10.0251,2400.72426
10.0246,2451.48825
10.0237,2407.90332
10.0227,2500.46353
10.0216,2423.57899
10.0206,2446.32563
10.0197,2324.10216
10.0189,2385.51289
10.018,2405.22983
10.0171,2379.45261
10.0164,482257.201
0.4376,401245.357
0.00307,476890.22
0.00286,444220.635
0.00269,484600.604
0.00262,511943.487
0.00258,472203.053
0.00246,577753.848
0.00235,634551.066
0.00231,635469.965
0.00234,621739.854
0.00225,662475.336
0.00212,756274.885
0.00212,615240.509
0.00205,595390.806
0.00211,575423.352
0.00214,522492.443
0.00198,532995.307
0.00204,594166.056
0.00205,640276.611
0.00194,613065.386
0.00191,731649.495
0.002,788835.919
0.002,711135.908
0.00194,719277.644
0.00193,716130.305
0.00189,752663.111
0.00184,755638.919
0.00192,785595.317
0.00194,695551.375
0.00193,664835.213
0.00196,638033.357
0.00177,633222.606
0.00185,635083.503
0.00184,613602.352
0.00186,612228.948
0.00176,614154.013
0.00274,663809.949
0.00495,703039.556
0.00976,30006.9317
0.92979,12096.2795
4.72657,19622.9916
4.51009,4790.87083
4.54562,7902.53288
4.78424,7077.99779
4.74324,6858.61831
4.76647,6607.18632
4.91751,6482.65432
4.99357,6139.77441
5.08836,6040.14693
5.11877,6006.41202
5.18348,5805.0966
5.25878,5716.54289
5.33495,5744.76153
5.40268,5582.13344
5.46369,5459.98497
5.53189,5154.39991
5.67239,5157.23278
5.66867,5068.69275
5.71694,5085.80977
5.77835,4827.84786
5.85781,4989.55194
5.91935,4841.92906
5.98607,4778.73672
6.06755,4765.03785
6.12497,4526.44564
6.19025,4396.44125
6.23578,4556.83663
6.31028,4354.68262
6.39347,4157.70157
6.46511,4352.85708
6.52789,4206.75229
6.5982,4078.19491
6.64489,4019.55469
6.74469,3847.55581
6.79357,3898.13674
6.85119,3851.19869
6.93713,3906.17827
7.01735,3820.10941
7.06649,3825.59813
7.12267,3741.55913
7.18516,3721.66096
7.24506,3503.57358
7.34675,3546.89143
7.39889,3633.20296
7.44717,3489.80629
7.51459,3454.36438
7.59741,3342.86176
7.65839,3533.92204
7.7308,3205.26431
7.78723,3116.19445
7.87522,3217.03391
7.95329,3233.48413
7.99964,3160.95597
8.05276,2928.12531
8.12585,3075.72896
8.18906,3071.4143
8.26533,2874.20345
8.33568,2972.19859
8.39106,3021.63002
8.46054,3105.37078
8.53317,3124.04485
8.59177,2907.7039
8.6928,2937.28355
8.72842,2881.11626
8.78952,2832.05628
8.85002,2793.98907
8.93169,2832.1532
8.99405,2726.88595
9.05255,2757.94802
9.12466,2696.76354
9.19337,2689.53339
9.25529,2802.89017
9.32487,2556.64312
9.39272,2531.86333
9.46807,2439.48019
9.53254,2557.79462
9.60539,2515.70784
9.65775,2572.24508
9.73355,2394.3451
9.79376,2389.66656
9.8743,2444.95657
9.92442,2488.30869
9.99793,2469.36112
10.0298,2458.21385
10.031,2480.15777
10.0308,2405.87607
10.0292,2488.52708
10.0272,2446.78005
10.0255,2526.61682
10.0238,2304.09107
10.0223,2521.30079
10.0211,2430.46827
10.02,494991.283
0.39893,379022.989
0.00307,477678.822
0.00275,443070.483
0.00273,476727.153
0.00247,494028.227
0.00252,452673.393
0.00246,581349.376
0.00234,610178.21
0.00233,610841.085
0.0023,630749.72
0.00224,620665.072
0.00208,767625.501
0.00211,604043.675
0.00204,574356.408
0.00204,550256.836
0.00201,513042.897
0.00192,533303.368
0.00197,571417.457
0.00198,622500.891
0.00198,598766.823
0.00189,593770.986
0.00189,678906.942
0.00196,666794.657
0.00176,694232.113
0.0019,683109.621
0.00191,744373.59
0.00184,775048.423
0.00191,734474.605
0.00185,671198.514
0.00186,697419.212
0.0019,630405.384
0.00192,620043.032
0.00184,623661.166
0.00215,704760.667
0.00433,734017.389
0.00788,139853.77
0.26157,24317.5234
3.83688,6610.74461
3.91576,30149.654
4.1135,7783.87488
3.60838,10976.1227
3.72678,10378.3817
4.03364,10187.8205
4.0459,9618.92491
4.15073,9257.27791
4.22025,8976.16699
4.2902,8706.64319
4.36038,8517.20059
4.41815,8145.53719
4.48832,7848.23085
4.54836,7617.87504
4.62196,7567.50569
4.68983,7379.87179
4.75462,7237.96917
4.825,6922.61965
4.89687,6701.64635
5.02591,6728.37758
5.03238,6582.96085
5.07269,6406.50925
5.10004,6294.39445
5.17921,6050.66293
5.27146,5982.14425
5.33956,5950.72119
5.41024,5741.33641
5.47404,5619.18024
5.5998,5536.49765
5.62982,5569.67674
5.66289,5512.9166
5.7086,5313.91246
5.78478,5285.89687
5.85154,5313.84942
5.93139,5094.57331
6.00884,4918.00779
6.06438,4818.56725
6.12673,4708.71591
6.17836,4706.30945
6.24576,4622.49365
6.31322,4599.85507
6.37952,4509.30157
6.43234,4406.47902
6.52285,4474.08055
6.57539,4290.09925
6.67293,4266.98279
6.72524,4159.59922
6.7836,4269.40041
6.87722,4086.74462
6.954,4016.42997
7.00645,3874.79519
7.06419,3774.13635
7.12861,3851.65512
7.17585,3719.42495
7.27017,3591.48643
7.33923,3702.10458
7.38045,3757.02155
7.44495,3606.06169
7.53294,3502.81946
7.58673,3439.16702
7.65599,3505.81677
7.71373,3394.41593
7.79859,3457.11982
7.88219,3356.09752
7.94166,3285.28216
8.01284,3201.48006
8.07311,3187.59414
8.11346,3071.63963
8.1892,3081.27225
8.26901,3034.33996
8.33759,3070.93998
8.39472,3197.90221
8.46208,2962.13312
8.52796,2976.7137
8.63484,2848.86221
8.69422,2902.86746
8.73335,3031.42105
8.7913,2948.30549
8.85378,2925.58326
8.9257,2860.6102
8.99085,2729.05124
9.06378,2652.1857
9.14087,2575.2036
9.19368,2785.90444
9.24635,2739.05715
9.30527,2744.9392
9.39378,2744.61636
9.4825,2699.89313
9.5261,2750.2397
9.60056,2550.48858
9.66409,2545.851
9.73758,2548.02282
9.81181,2481.80247
9.86879,2544.9548
9.92722,2446.48088
9.99283,2490.28538
10.0152,2490.18414
10.0236,2486.00253
10.0245,2513.27985
10.0259,2457.4674
10.0257,2352.57424
10.0248,2590.28588
10.0239,2543.94363
10.0228,2502.82551
10.022,2305.1765
10.0207,2319.25149
10.0196,2624.59904
10.0187,2466.34887
10.0178,2438.26854
10.0171,2389.70426
10.0163,199080.53
9.90457,461789.468
0.00305,395073.62
0.00295,452343.738
0.00276,492430.812
0.00265,505471.92
0.00258,474965.602
0.00251,460379.593
0.00238,580421.598
0.00241,661598.875
0.00241,616434.129
0.00225,674737.21
0.00219,585339.403
0.0023,640391.805
0.00214,674033.221
0.00208,624103.407
0.00211,616229.174
0.00208,645950.299
0.00214,614004.269
0.00204,577851.719
0.00211,599736.562
0.00196,616146.249
0.0021,621594.096
0.00191,597339.361
0.00197,652920.862
0.00208,685855.742
0.00192,665819.156
0.00192,665759.746
0.002,709677.136
0.00189,768508.757
0.00183,774287.781
0.00187,781014.526
0.00183,765885.756
0.00183,752436.309
0.0018,750432.303
0.00183,670298.371
0.00179,679664.655
0.00178,691577.829
0.00182,712705.182
0.00182,700499.365
0.0019,726021.43
0.0021,677317.047
0.00433,809584.604
0.00744,409199.151
0.07522,7138.02916
4.43318,19710.8148
4.63387,4856.59235
4.57436,9504.09885
4.84478,7165.19092
4.76404,6773.08468
4.83561,6523.11775
5.00456,6414.8714
5.04102,6263.1345
5.09248,6074.65899
5.17434,6109.2251
5.25014,5711.91856
5.31133,5673.82939
5.37726,5485.45866
5.45172,5250.71218
5.57097,5447.68595
5.58801,5168.61353
5.6283,4991.46127
5.68413,5001.19163
5.78903,4879.91562
5.83254,4828.68244
5.9029,4548.79798
5.98181,4600.31751
6.04875,4602.99131
6.09939,4492.8345
6.14198,4408.36222
6.21966,4329.2255
6.31702,4317.33678
6.38469,4312.84321
6.44916,4189.71439
6.50677,4064.42369
6.57245,4107.46095
6.66221,3995.69086
6.70316,3903.6426
6.77666,3870.05222
6.84904,3971.69235
6.92797,3755.50964
6.97574,3737.57031
7.04337,3564.12215
7.0969,3541.37679
7.18176,3576.30918
7.25147,3507.63638
7.30956,3492.85805
7.38217,3412.62308
7.43743,3316.39946
7.49814,3433.24772
7.56461,3367.95711
7.65258,3339.83183
7.71632,3200.06584
7.78591,3158.20756
7.86583,3108.9352
7.92064,3192.46473
7.97481,3124.31995
8.04697,3086.96297
8.11584,3117.86231
8.18447,3049.83024
8.25361,3091.79367
8.31023,3096.8811
8.37811,3076.27436
8.45558,3090.36262
8.50868,2968.08801
8.60538,2829.43184
8.64934,2738.4676
8.72333,2647.72775
8.76476,2900.3588
8.85447,2804.84528
8.90856,2748.90186
8.97012,2630.57712
9.04912,2751.46647
9.12117,2790.59241
9.18007,2640.45512
9.23397,2620.33518
9.30876,2610.19366
9.3822,2597.3156
9.46138,2610.86097
9.51164,2568.60967
9.58247,2617.06729
9.64141,2395.80679
9.72547,2477.14977
9.78236,2479.94889
9.85291,2478.71747
9.91338,2401.75701
9.98889,2359.38163
10.0233,2449.04056
10.0281,2302.64877
10.0257,2278.46012
10.0236,2437.72707
10.0215,2516.32123
10.0197,2278.80559
10.0181,2340.68176
10.0169,2261.30602
10.0159,2395.65986
10.015,2267.12874
10.0141,2403.40727
10.0133,66363.7763
9.96134,377172.891
0.00322,410432.431
0.00311,451772.532
0.00301,481325.132
0.00289,495312.474
0.00274,448713.867
0.00268,512084.451
0.00259,579482.321
0.00263,599056.58
0.0026,634816.195
0.00241,627852.266
0.00245,712233.566
0.00237,664120.546
0.00223,639153.151
0.00224,625658.698
0.00235,542655.09
0.00231,538832.737
0.00232,530578.801
0.00218,623152.805
0.0022,616870.337
0.00213,641125.631
0.00225,610814.629
0.00211,655706.07
0.00219,613986.937
0.00206,685362.847
0.00217,653756.315
0.00219,705042.543
0.0021,714435.77
0.00208,664027.673
0.0021,659674.829
0.00207,685576.398
0.00215,707548.931
0.00207,728750.568
0.00204,719755.826
0.00394,821408.362
0.00673,632566.456
0.02079,11859.9349
3.72064,7413.9017
3.61401,22532.6699
3.94594,10910.7775
4.11512,10155.0674
3.88514,9526.29045
3.97387,9093.88049
4.08763,8646.48328
4.15529,8247.72118
4.22063,8017.56706
4.29453,7856.49764
4.36134,7691.39264
4.42283,7403.30094
4.49035,7222.78594
4.55376,7096.66127
4.62156,6844.38339
4.69149,6637.20499
4.75178,6369.85884
4.82597,6343.16321
4.91312,6077.67468
4.98557,6098.72778
5.01352,6080.62641
5.08312,5849.09319
5.12105,5825.23119
5.18761,5677.68182
5.28011,5484.62566
5.34859,5492.49085
5.40803,5372.43211
5.48223,5190.41521
5.58845,5145.14611
5.62789,5108.55008
5.67528,5065.91951
5.72402,4855.46477
5.79706,4816.07675
5.85775,4785.58412
5.92907,4733.70151
6.01954,4743.75571
6.07705,4642.59057
6.12786,4444.39779
6.194,4452.87864
6.25813,4351.114
6.32887,4221.77844
6.39144,4169.72525
6.44497,4116.3926
6.52529,4056.29955
6.58607,3928.64254
6.69165,3914.39314
6.73227,4066.90074
6.80228,3810.49626
6.87313,3703.91973
6.94606,3859.39836
7.01182,3785.40942
7.07326,3713.72061
7.14119,3696.70043
7.20314,3607.38142
7.27928,3569.81532
7.32798,3520.67951
7.39777,3470.01404
7.45814,3396.34227
7.5357,3449.67627
7.59942,3304.953
7.67634,3198.00644
7.74412,3176.09125
7.81349,3187.84999
7.90341,3215.23949
7.948,3144.42119
7.99155,3176.79127
8.05612,3125.89312
8.11808,3103.36129
8.20742,3163.77799
8.28699,3041.05418
8.33041,3022.72522
8.39915,2889.73419
8.4705,2988.63325
8.56238,2883.47428
8.62949,2968.16191
8.6735,2861.94832
8.73711,2821.28662
8.80498,2815.09292
8.87433,2768.37678
8.93959,2756.08271
9.0144,2730.6041
9.07325,2803.83533
9.13212,2660.17846
9.18626,2602.71573
9.24693,2684.35731
9.32894,2660.26818
9.42048,2595.91987
9.47568,2475.88831
9.53643,2462.55491
9.6133,2502.95109
9.67831,2479.05651
9.75649,2604.43227
9.80302,2492.67776
9.86922,2448.40711
9.94693,2461.10236
9.99334,2408.57587
10.0266,2415.64893
10.0303,2351.19323
10.0291,2418.11403
10.028,2445.80611
10.0264,2409.81278
10.0252,2334.33954
10.0244,2360.18615
10.0235,2264.17722
10.0228,2399.29374
10.0224,2472.72683
10.0218,519574.556
7.86813,371663.944
0.0034,456935.723
0.00317,437971.396
0.00304,480491.359
0.00281,499186.917
0.00282,460583.672
0.00273,504596.374
0.00273,550943.838
0.00263,575030.74
0.00263,608968.704
0.00253,627364.857
0.00253,641291.057
0.00247,652451.553
0.00239,708153.533
0.00233,572848.737
0.00231,566106.764
0.00235,523637.427
0.00234,521353.591
0.00219,606108.051
0.00225,630574.502
0.0022,651364.673
0.00215,645958.106
0.0022,614857.369
0.00224,634885.583
0.00213,657929.504
0.00205,660041.581
0.00213,642481.279
0.00213,680260.742
0.00199,698774.532
0.0021,740165.494
0.00212,751899.08
0.00203,726300.523
0.00206,736048.043
0.00196,763537.228
0.00203,724453.167
0.00201,714785.397
0.00204,782095.058
0.00337,846413.567
0.00575,826539.233
0.01266,7210.72465
2.15842,20290.2711
4.0543,4988.7262
4.97867,11532.9986
4.93021,7560.49966
5.26211,6743.43451
4.9328,6812.18437
5.0086,6584.86028
5.06856,6432.26503
5.10877,6306.35889
5.20562,6085.18793
5.27764,5985.06998
5.3362,5891.78666
5.4062,5707.91922
5.47305,5558.69919
5.5842,5345.77623
5.59198,5417.30623
5.65206,5426.45438
5.72553,5232.96356
5.8006,5104.09649
5.86148,4933.84048
5.92809,4807.10944
6.01196,4812.12076
6.08094,4931.36862
6.13899,4803.46316
6.1959,4571.68747
6.26872,4693.01928
6.32824,4518.53288
6.38128,4421.63076
6.45944,4390.51892
6.53054,4279.63631
6.62834,4332.96622
6.66614,4040.57843
6.73349,4125.5365
6.80751,4034.30792
6.87349,4007.39366
6.94365,3978.13452
7.00076,3909.4148
7.05423,4005.20381
7.14359,3893.21036
7.20457,3747.52555
7.27494,3693.16898
7.33054,3683.61852
7.39365,3720.79227
7.46542,3513.99637
7.53775,3565.13366
7.61422,3489.69235
7.67118,3464.13475
7.74673,3452.87553
7.83263,3300.02168
7.88875,3338.6825
7.93003,3328.95349
8.00309,3296.09791
8.07731,3256.20663
8.14123,3133.92379
8.21445,3126.35122
8.2717,3040.23998
8.33627,3186.3824
8.41083,2997.06849
8.46625,2943.4248
8.56551,2859.92331
8.60841,2999.0317
8.66715,3092.68645
8.73119,2854.15076
8.80797,3046.29595
8.86982,2904.60032
8.93558,2918.57983
9.00945,2852.79605
9.07032,2785.84928
9.12736,2694.04481
9.19277,2673.3841
9.2679,2727.99178
9.35516,2647.66781
9.40274,2558.94938
9.4798,2654.62447
9.53231,2637.42438
9.61735,2688.58229
9.6739,2495.50852
9.7466,2756.47949
9.80314,2670.32401
9.87916,2702.59212
9.94053,2614.63322
10.0014,2589.08971
10.0326,2381.015
10.0328,2414.00254
10.0312,2532.00666
10.029,2498.1351
10.0267,2532.90407
10.0246,2514.87597
10.0229,2562.13163
10.0214,2403.88706
10.0201,2473.463
10.0188,2529.02162
10.0177,2513.02559
10.0166,443413.839
0.00358,410335.759
0.00338,446123.747
0.00305,444886.838
0.00289,476717.122
0.00293,496489.168
0.0027,480135.243
0.00276,510942.186
0.00256,530658.317
0.00265,591532.019
0.00247,607723.71
0.0024,659575.386
0.00242,564118.028
0.00241,672865.778
0.00242,609973.258
0.00237,547462.055
0.00232,524137.707
0.00234,500986.644
0.00234,500260.058
0.00231,556627.08
0.00233,607417.979
0.00224,609827.787
0.00223,556785.277
0.00228,544007.939
0.00228,552422.726
0.00232,623221.445
0.00223,613533.101
0.00218,600478.399
0.00211,641147.925
0.00207,692494.58
0.00223,626924.413
0.0021,611370.0
0.00213,629541.326
0.00218,692292.291
0.00349,845492.085
0.00602,762464.87
0.01317,8757.06023
2.51035,26601.2691
4.35867,8726.06554
4.01797,12278.1189
4.55373,9311.63797
4.61827,8076.47356
4.41285,7817.88664
4.48537,7558.85228
4.56352,7240.12163
4.63484,7070.43189
4.69532,6954.1895
4.77322,6732.4663
4.85696,6521.44517
4.95052,6336.37811
4.97133,6029.10312
5.04061,6254.96719
5.07268,6055.08225
5.15772,5840.91818
5.24326,5712.9613
5.30917,5658.02191
5.37376,5635.94554
5.44411,5346.66757
5.51952,5213.36215
5.60839,5070.37408
5.62412,5132.42973
5.70266,5030.52561
5.77535,4929.66618
5.842,5084.18795
5.90214,4901.12046
5.9804,4681.52327
6.0606,4710.99389
6.11054,4316.90487
6.17999,4417.11705
6.24652,4216.94556
6.32095,4337.11136
6.37291,4263.66784
6.43915,4332.37178
6.51739,4063.82882
6.55415,4105.60462
6.69275,4054.47674
6.69546,4013.02116
6.71771,4080.99408
6.8276,3918.95702
6.89595,3754.673
6.96025,3760.94329
7.01891,3599.71591
7.08705,3690.33996
7.16099,3671.49851
7.21629,3274.75581
7.28184,3542.52965
7.34223,3396.72717
7.41261,3461.43974
7.47574,3494.05142
7.54391,3418.33291
7.62169,3212.85457
7.6967,3167.15065
7.7621,3173.52112
7.83413,3203.91432
7.90137,3112.18124
7.95885,3151.17689
8.02498,3016.46069
8.08749,3036.95245
8.14948,3035.06227
8.22185,3062.23172
8.29042,2951.57566
8.35121,2926.83189
8.41902,2959.32847
8.48507,2849.91932
8.58248,2818.99115
8.63767,2875.75405
8.68355,2876.86819
8.7443,2732.27739
8.81746,2774.10153
8.88608,2699.10702
8.9504,2855.63117
9.02155,2678.91835
9.09498,2772.12776
9.15306,2720.96475
9.20599,2736.34202
9.26966,2631.93837
9.35013,2462.09961
9.43622,2412.93562
9.48624,2378.4968
9.5547,2485.18002
9.62913,2488.47467
9.69895,2422.06738
9.76169,2346.36439
9.82084,2343.43008
9.88582,2411.86407
9.96566,2467.88608
10.0009,2345.04354
10.029,2439.46916
10.0333,2452.47044
10.0307,2500.08579
10.0285,2318.69625
10.0265,2229.68705
10.0247,2305.82553
10.0232,2412.70768
10.0221,2231.87352
10.0212,2375.78774
10.0204,2310.4609
10.0195,2334.47425
10.0188,503549.498
5.00457,377420.127
0.00345,486407.029
0.0031,418743.827
0.00308,454973.682
0.00291,487827.63
0.00281,468856.592
0.00276,531945.093
0.00274,552933.895
0.00263,580070.734
0.00252,579364.875
0.00269,636768.959
0.00252,571709.07
0.00246,639347.792
0.00248,589121.516
0.00241,525420.544
0.00237,575835.313
0.00233,523190.515
0.00231,535266.113
0.00224,580058.067
0.00238,655862.749
0.00227,632311.657
0.00223,698551.46
0.00231,655803.012
0.00228,638582.788
0.00224,650172.829
0.0022,663503.954
0.00231,652937.411
0.00218,684996.517
0.00215,768832.017
0.00215,756987.963
0.00218,806019.605
0.00213,748990.35
0.00207,698288.663
0.00214,729580.384
0.00213,740570.863
0.00208,726441.169
0.00215,681259.03
0.00286,805074.687
0.00519,732530.278
0.009,46673.8442
0.51684,23861.3307
4.78825,13062.595
4.24483,5384.15322
4.6847,9989.75507
4.31706,7642.84933
4.36568,7648.63981
4.6579,7311.43799
4.65919,7008.41249
4.83336,6879.81818
4.87349,6626.85497
4.92847,6451.34119
4.98465,6379.35547
5.01019,6150.97389
5.11182,5933.56041
5.19208,5825.16896
5.26018,5753.226
5.3195,5623.35407
5.39202,5591.44019
5.52384,5423.55805
5.52052,5490.45586
5.56607,5440.21776
5.62744,5168.91473
5.70523,5160.85814
5.76546,5203.76431
5.84188,5100.53834
5.89032,4801.80302
5.97874,4806.09715
6.04448,4739.4532
6.12911,4683.08882
6.17067,4623.05469
6.26609,4524.29603
6.27993,4526.74901
6.3671,4461.39813
6.42601,4289.68864
6.48868,4297.77116
6.57791,4171.14834
6.62621,4025.58448
6.68307,3952.58288
6.77186,3877.60683
6.8429,3986.16851
6.89819,3827.74236
6.95019,3967.72699
7.0113,3816.50646
7.09605,3793.68721
7.15789,3587.78828
7.22951,3678.76093
7.28129,3548.27428
7.33948,3613.7201
7.41615,3492.24714
7.48465,3450.40724
7.57503,3428.03856
7.6257,3354.1795
7.72297,3351.76651
7.77593,3211.27028
7.83659,3275.88739
7.90343,3197.58292
7.96898,3147.80197
8.02233,3065.4622
8.10067,3049.85978
8.17354,3173.72483
8.23044,2908.63322
8.29248,3028.80795
8.3635,3106.94169
8.41957,2912.23651
8.54878,3040.97888
8.58379,2911.86382
8.62257,2809.66232
8.68285,2839.85879
8.75989,2845.19743
8.81518,2819.56991
8.8828,2838.96491
8.96971,2811.28084
9.03059,2632.88735
9.08915,2728.63375
9.14728,2628.76996
9.21317,2449.72601
9.28072,2535.37321
9.36043,2699.98591
9.4273,2518.55085
9.48774,2611.19463
9.57527,2610.15941
9.63712,2523.01492
9.70323,2502.25784
9.77209,2460.89894
9.83095,2494.23131
9.9036,2462.72525
9.96251,2419.36704
9.99814,2565.82675
10.015,2286.78205
10.0266,2584.71372
10.0296,2424.05294
10.0328,2390.36627
10.0353,2352.7539
10.0359,2374.71436
10.0347,2465.1106
10.0334,2366.8233
10.0326,2287.97916
10.0319,2405.87986
10.0312,406679.216
0.0037,400612.414
0.00349,507707.746
0.00319,462617.904
0.0031,471743.952
0.00294,512865.611
0.00294,465988.035
0.00289,506114.245
0.00275,575907.398
0.00273,594105.031
0.00272,609289.382
0.00259,691445.463
0.00258,598768.93
0.00262,595333.045
0.00247,528995.522
0.00245,534759.42
0.0024,560165.486
0.00241,556280.493
0.00235,523202.951
0.00232,578298.069
0.00232,683245.563
0.00235,610555.177
0.00226,616691.77
0.00237,621816.232
0.0024,635954.895
0.00237,654283.23
0.00226,657581.752
0.00219,730868.506
0.00228,697718.985
0.00224,743743.595
0.00213,741707.823
0.00219,637891.425
0.00224,664208.766
0.00217,662547.137
0.00208,635952.494
0.00212,689812.355
0.00219,642871.627
0.00217,594661.024
0.00224,583712.377
0.00214,582318.01
0.0021,651155.137
0.00412,855460.316
0.00684,844215.073
0.01669,9356.27063
4.01623,8804.22347
5.15896,12316.6259
4.59856,7810.68671
5.1157,6844.80016
4.98677,6815.12322
5.0082,6723.70938
4.99683,6278.71556
5.12633,6162.87105
5.20557,5970.89245
5.27941,5859.8799
5.40228,5872.2641
5.3944,5619.58444
5.45334,5565.68973
5.52987,5546.544
5.60082,5338.00193
5.66766,5318.76198
5.74006,5204.49857
5.80955,5095.45533
5.87262,4982.44732
5.93449,4991.76138
6.01006,4813.99407
6.06566,4730.972
6.14101,4620.10578
6.20464,4560.15917
6.26835,4422.68842
6.33677,4387.11334
6.41525,4426.48136
6.47791,4237.89039
6.54536,4159.88355
6.5781,4348.61302
6.67117,4134.97249
6.73732,4017.29035
6.79223,4027.05875
6.8542,3911.98312
6.91895,3814.96234
6.98898,3885.89572
7.05908,3930.22398
7.13608,3765.23591
7.18751,3725.04129
7.25182,3620.4856
7.32087,3425.70244
7.40644,3439.16098
7.46467,3468.23578
7.53784,3389.77808
7.60278,3262.51102
7.69548,3484.83799
7.75222,3242.96888
7.79202,3333.45309
7.8381,3126.20918
7.9108,3006.65244
7.97882,3207.15281
8.04719,3099.49553
8.11737,2937.30819
8.17942,3086.99474
8.24448,2959.81249
8.31721,2896.26553
8.37172,2897.9882
8.46981,2845.86912
8.51838,2769.01225
8.57127,2847.87532
8.6322,2757.3643
8.71516,2805.34394
8.7801,2793.90868
8.84386,2817.28984
8.91883,2701.1392
8.98367,2776.04227
9.03934,2667.6705
9.09947,2662.99994
9.1644,2670.99482
9.2453,2548.34304
9.32543,2500.48629
9.38293,2556.90279
9.4385,2495.0625
9.52637,2535.13749
9.58795,2488.8661
9.65544,2498.8843
9.7139,2505.59649
9.7833,2377.43225
9.85213,2408.17447
9.90732,2480.23409
9.97968,2290.61316
10.0205,2446.46465
10.0286,2563.18418
10.0302,2464.92583
10.0311,2304.66851
10.0305,2382.86523
10.0293,2475.64928
10.0281,2402.31664
10.0267,2328.25095
10.0251,2331.10799
10.0236,2256.68366
10.0225,2439.36221
10.0214,2423.41334
10.0204,2368.27531
10.0195,467150.938
1.80886,385157.207
0.0035,468058.668
0.00338,475655.443
0.00329,450702.92
0.00311,506055.607
0.00301,489903.708
0.00298,520459.823
0.00284,569118.781
0.00283,614743.185
0.00272,677673.893
0.00269,606585.159
0.00269,597654.378
0.0026,645563.637
0.00263,650502.705
0.00259,514288.921
0.00247,567598.343
0.00252,497928.775
0.00246,522548.958
0.00238,540495.567
0.00247,613746.056
0.00246,590803.444
0.00246,602856.502
0.00237,647034.689
0.00241,627486.252
0.00241,606070.167
0.00225,688371.104
0.00237,691499.284
0.0024,714030.46
0.00234,699544.393
0.00232,653780.051
0.00231,654425.761
0.00237,616993.505
0.00223,701326.878
0.00228,655605.761
0.0023,655063.981
0.00226,670092.689
0.00218,680182.162
0.00408,770241.929
0.00657,719925.652
0.01508,10661.4399
3.41575,12637.1251
4.38194,19403.5893
4.27928,5874.71667
4.45848,7318.35567
4.20032,7907.37057
4.46296,7806.56882
4.46413,7430.16361
4.60771,7065.33085
4.69487,6864.62616
4.77305,6575.17044
4.86232,6277.60658
4.93532,6501.36276
4.97632,6261.88834
5.04296,6130.21593
5.08032,6060.02543
5.15294,5760.88609
5.2355,5648.77867
5.31019,5648.58497
5.37311,5509.44932
5.44753,5283.44107
5.55038,5284.19561
5.61478,5392.03247
5.6124,5106.63064
5.68042,5035.20051
5.75846,4830.06628
5.83296,4863.32335
5.89916,4799.5259
5.96965,4753.75392
6.03543,4625.90602
6.10496,4643.65514
6.17186,4451.48022
6.26526,4444.45471
6.31912,4402.10422
6.35918,4470.02294
6.42585,4216.66657
6.48552,4114.67964
6.57163,3976.59097
6.66092,4033.82509
6.71323,4000.06379
6.76437,3974.49276
6.84881,3894.43943
6.9092,3689.71808
6.97857,3740.78432
7.03409,3704.71935
7.11354,3597.62305
7.16662,3550.62491
7.2511,3644.93326
7.30297,3408.47495
7.35944,3436.00087
7.4368,3354.58881
7.49868,3427.16879
7.55587,3289.27925
7.64048,3401.8609
7.70735,3152.16405
7.77745,3218.05546
7.8574,3174.74974
7.94198,3130.03609
7.98394,3176.60083
8.01309,2983.23593
8.07775,3116.75899
8.17038,2976.72679
8.22815,3124.57271
8.29105,2949.50527
8.35351,2898.30423
8.41611,2782.03404
8.49531,2912.82428
8.54967,2893.01865
8.65023,2893.2719
8.70132,2790.88547
8.75034,2834.33383
8.81135,2786.98115
8.88985,2715.51463
8.96025,2615.33696
9.01364,2667.3156
9.10007,2689.4235
9.16592,2784.72205
9.22414,2619.98679
9.2724,2635.02306
9.33984,2636.71722
9.42313,2477.08947
9.50968,2342.72252
9.5661,2443.9814
9.62889,2533.28974
9.68591,2529.07316
9.77453,2425.05228
9.82645,2414.63121
9.89362,2431.51396
9.96156,2355.83521
10.0089,2361.57044
10.0215,2244.10518
10.0272,2365.23878
10.032,2485.70423
10.031,2396.54637
10.0292,2255.28922
10.0277,2349.991
10.0261,2292.47179
10.0247,2234.52814
10.0235,2444.20779
10.0223,2387.13703
10.0213,2384.66825
10.0205,2284.51998
10.0197,2345.78886
10.0189,2365.21269
10.0182,379563.834
0.00366,429083.265
0.00354,489824.671
0.00343,466505.552
0.0033,504091.634
0.00328,522790.058
0.00314,506446.178
0.0031,499564.146
0.003,538612.482
0.00294,555133.579
0.00289,646002.499
0.00288,537028.869
0.0027,594214.071
0.00272,590727.914
0.00275,604639.238
0.00262,554699.962
0.00266,613332.335
0.00267,542976.505
0.00258,546511.304
0.00258,629724.432
0.00247,665879.866
0.00252,673169.125
0.00253,658338.939
0.00252,729927.32
0.00247,782308.044
0.00247,761266.396
0.00239,744050.17
0.00241,735318.058
0.00245,791393.072
0.00242,793484.982
0.0024,773271.464
0.00237,724916.342
0.00239,658085.663
0.0023,671169.329
0.0024,667705.639
0.00233,671406.538
0.00232,622834.742
0.00239,639853.898
0.00317,778481.287
0.00546,686382.687
0.00981,36045.2597
0.73774,15780.4443
4.8332,19289.747
4.43146,5346.49836
4.53698,10939.7701
4.67807,7934.02139
4.50873,7489.86221
4.7529,7231.10451
4.86734,7196.42423
4.9272,6996.95748
4.98611,6845.21621
5.0251,6723.48509
5.10734,6376.01567
5.18717,6118.31838
5.25564,6102.41108
5.31678,6016.41257
5.39218,5702.14821
5.52905,5802.69632
5.52934,5725.45056
5.56942,5584.17983
5.63484,5493.35841
5.70895,5346.1102
5.77268,5265.058
5.84063,5128.14631
5.91085,5156.3389
5.9875,5083.53807
6.0206,4974.2648
6.15895,4821.124
6.16576,4717.9182
6.24679,4840.57099
6.2704,4759.67931
6.35576,4729.92492
6.43725,4617.81781
6.50134,4358.91571
6.58392,4237.87508
6.6291,4227.18007
6.69885,4179.85956
6.77318,4002.65614
6.84602,4186.62167
6.90376,4014.72509
6.95852,4097.30742
7.0109,3898.29728
7.10485,3894.19801
7.17041,3819.53453
7.21963,3828.17121
7.28473,3743.0907
7.34476,3558.83084
7.41312,3583.75869
7.49903,3557.23549
7.57096,3384.8757
7.64485,3444.83727
7.71687,3396.52171
7.82905,3331.62899
7.86867,3328.36786
7.88283,3247.34981
7.92273,3348.78569
7.97695,3224.80309
8.04753,3221.31695
8.11021,3255.61939
8.18327,3123.28461
8.24825,3133.74205
8.31271,3137.5181
8.38232,3058.63751
8.43753,3174.34598
8.53749,3071.90989
8.59316,2976.84259
8.63966,2992.15044
8.69379,2975.01185
8.76965,2903.13688
8.83755,2937.70743
8.90517,2845.08547
8.98678,2820.00532
9.04439,2781.93056
9.09632,2889.4404
9.1542,2767.62805
9.21867,2622.87603
9.30375,2672.24523
9.39486,2636.11392
9.46332,2753.08532
9.50786,2745.77346
9.58424,2637.75218
9.658,2755.51953
9.71339,2652.2952
9.77502,2529.23883
9.83936,2767.41149
9.91889,2729.96301
9.95954,2520.69615
9.99323,2480.37412
10.0151,2575.0513
10.0193,2609.99555
10.0218,2425.17387
10.027,2551.27274
10.029,2484.89498
10.0292,2528.73847
10.0288,2511.50877
10.0289,2543.79314
10.0294,2658.79494
10.031,2528.05886
10.0319,474982.434
4.33544,413346.282
0.00366,440621.708
0.0035,514787.559
0.00321,485019.356
0.00307,488003.576
0.00304,531488.292
0.00298,473433.437
0.00296,487204.503
0.0029,585349.897
0.00289,657652.769
0.00277,730853.655
0.00267,674225.99
0.00277,587388.604
0.00273,671784.797
0.00267,691040.198
0.00259,674061.259
0.00253,639593.004
0.00249,637926.262
0.00261,591822.97
0.00256,531971.697
0.00242,560801.573
0.00251,653801.225
0.00241,671666.71
0.00242,703633.584
0.0024,646274.135
0.0024,649078.507
0.00235,661816.096
0.00241,696289.738
0.00244,781096.908
0.00231,744174.293
0.00248,744020.91
0.00231,745705.913
0.00234,788780.929
0.00231,764726.729
0.00234,761143.073
0.00221,766334.548
0.00225,762051.62
0.00227,743992.533
0.00232,721262.206
0.00212,761954.322
0.00224,663325.459
0.00218,711950.852
0.00224,690852.627
0.00231,683934.45
0.00226,713851.744
0.00218,720124.971
0.00231,723686.214
0.00247,772893.345
0.00446,790345.548
0.0077,796661.562
0.02202,8004.33646
4.82306,10636.9921
5.52132,5218.87952
5.25169,6001.97534
5.50968,5904.00328
5.35635,5868.30689
5.34276,5632.62053
5.44544,5653.86064
5.56278,5513.47146
5.62544,5272.51518
5.69568,5241.26826
5.76431,4981.24459
5.83426,4874.04536
5.90195,4907.15004
5.97128,4669.13699
6.02603,4725.31687
6.10051,4729.28625
6.1595,4631.57138
6.23713,4566.84334
6.3035,4454.28399
6.35881,4349.06976
6.42952,4221.61329
6.52106,4247.78805
6.56714,4198.74684
6.62689,3984.59883
6.72091,4103.97561
6.77256,3971.09464
6.83679,4014.46647
6.89678,3841.67473
6.96681,3793.67155
7.04388,3674.80682
7.09997,3719.44867
7.1615,3767.09212
7.22745,3544.73802
7.29899,3622.82921
7.35455,3550.72466
7.4382,3405.19416
7.51088,3489.67653
7.57709,3357.48612
7.63948,3232.42368
7.70711,3267.08118
7.7905,3378.03255
7.84312,3281.49692
7.85124,3249.13835
7.93442,3115.55623
8.00993,3131.23723
8.06365,2959.36384
8.14373,3060.71319
8.21194,2935.72145
8.26246,3058.3315
8.34129,2900.83995
8.4059,2912.01156
8.50657,2873.44809
8.55889,2812.48885
8.60321,2802.47757
8.65998,2800.18872
8.74101,2853.73446
8.80231,2858.96924
8.86721,2708.12712
8.95101,2778.75036
9.00985,2648.347
9.06341,2613.53533
9.12644,2779.7095
9.19354,2774.65577
9.26247,2762.07614
9.34886,2654.75383
9.41471,2723.56429
9.46623,2595.69005
9.55266,2581.71505
9.6098,2692.89466
9.67176,2439.94876
9.73695,2622.18358
9.8158,2556.12222
9.87601,2552.1573
9.93673,2293.23117
9.99199,2458.54635
10.0237,2512.453
10.0358,2379.0291
10.0374,2350.05505
10.0351,2422.23417
10.0329,2480.06537
10.0308,2462.17556
10.0293,2373.88315
10.028,2412.24795
10.0267,2444.73464
10.0256,2509.88336
10.0246,2447.3147
10.0237,509827.911
3.41277,423369.741
0.00356,468582.413
0.00339,487332.51
0.00326,509069.476
0.00322,505286.253
0.00315,509980.661
0.00307,564683.073
0.00296,629251.638
0.00284,602639.627
0.00282,539608.154
0.0028,545860.692
0.00273,600256.145
0.00267,605109.472
0.00263,605676.737
0.00275,620390.22
0.00259,619847.112
0.00262,634675.74
0.00262,663112.333
0.00256,646940.349
0.00255,710883.335
0.00255,759285.194
0.00242,771738.011
0.00256,742962.049
0.00253,761037.084
0.00249,798454.7
0.00246,783828.481
0.00248,782927.742
0.00242,765136.975
0.00234,809149.302
0.00233,756245.026
0.00239,786524.957
0.00239,756071.008
0.00238,731905.997
0.00242,746652.55
0.00241,815949.047
0.00235,891067.947
0.00238,892389.214
0.00234,783827.317
0.00403,866736.008
0.00646,779111.515
0.01559,12104.3607
3.35317,27468.3541
4.29254,6273.51478
3.89609,8563.9237
3.82657,9155.88123
4.20324,9073.00878
4.13485,8643.59502
4.23244,8295.27802
4.34378,7936.7597
4.411,7763.4226
4.48254,7542.80661
4.55333,7392.75664
4.61858,7097.059
4.67702,6743.97016
4.81326,6616.07235
4.82125,6405.57319
4.88737,6411.10287
4.95186,6237.54077
5.00166,6108.43868
5.04066,5976.23827
5.10006,5899.49146
5.2091,5746.00037
5.27598,5509.92326
5.34081,5570.89236
5.41305,5524.59506
5.54777,5319.28246
5.5424,5173.52572
5.58059,5221.78284
5.64717,5129.04296
5.72264,5053.9959
5.78312,4929.8924
5.85777,4822.58387
5.94076,4721.0166
5.99938,4703.39474
6.05776,4698.71225
6.12191,4621.61068
6.1866,4432.76498
6.26157,4340.43964
6.33451,4250.65948
6.39618,4301.74321
6.45678,4294.92431
6.5378,4258.2583
6.60877,4211.30221
6.65672,4149.90792
6.74967,4142.11564
6.79747,3895.78585
6.86554,3899.18402
6.92802,3881.41333
6.99674,3811.79514
7.0302,3654.57372
7.12284,3742.70498
7.19231,3638.15472
7.24359,3642.97302
7.32111,3559.82479
7.37367,3519.09409
7.44392,3467.89851
7.52636,3510.50298
7.59694,3402.67595
7.67613,3394.71061
7.76345,3209.27606
7.873,3358.65495
7.87826,3242.95255
7.8937,3278.17377
7.96226,3128.56623
8.05078,3313.86378
8.11116,3082.02996
8.18794,3058.61392
8.23182,3193.43
8.29409,3029.79788
8.37336,3021.03499
8.43991,2847.32981
8.53986,3029.83016
8.58823,2991.07804
8.63943,2887.27271
8.70856,2822.53475
8.77814,2899.12648
8.83098,2836.15053
8.89595,2702.40044
8.98669,2673.85508
9.04787,2773.84632
9.09729,2580.6924
9.15636,2669.49023
9.22202,2619.91812
9.27915,2647.00384
9.37434,2584.4192
9.455,2597.41803
9.50198,2571.7604
9.58681,2476.03891
9.6436,2498.95599
9.71967,2643.08254
9.78796,2516.31712
9.83785,2486.56881
9.91012,2393.65778
9.95801,2502.50257
10.0039,2484.29423
10.0202,2413.52587
10.0253,2516.80693
10.029,2437.52062
10.0321,2389.17851
10.0327,2567.70366
10.0316,2312.60388
10.0303,2320.59566
10.029,2534.18247
10.0278,2492.77532
10.0267,2212.54438
10.0258,2345.29722
10.0249,2273.44214
10.0241,2392.74357
10.0233,398831.271
0.00373,415538.661
0.00364,488846.599
0.00351,470817.403
0.00332,507810.89
0.00317,490130.003
0.00314,512486.041
0.003,486709.173
0.00287,571794.47
0.0028,615104.491
0.00274,582412.407
0.00273,536391.737
0.00279,569451.279
0.00273,582632.385
0.00269,547624.9
0.00258,532080.477
0.00251,603616.166
0.00266,520843.31
0.00253,517123.655
0.00256,578416.649
0.00253,673475.09
0.00246,627790.875
0.00249,670225.914
0.00249,691072.771
0.00247,766333.443
0.00245,757979.438
0.00248,773223.454
0.00239,738961.092
0.00231,722850.839
0.00238,775004.118
0.00228,783211.526
0.00237,733892.251
0.00232,739934.118
0.00226,720068.662
0.00235,680570.93
0.00226,683617.903
0.00231,661599.079
0.00226,685291.18
0.00231,656243.916
0.00227,660782.042
0.00228,692973.757
0.00224,616970.914
0.00401,713587.348
0.00656,642748.188
0.01482,6923.3662
2.96007,18163.5678
4.9935,4775.00987
4.59672,11942.8091
5.20512,7841.38819
5.06532,6675.47045
4.99035,6716.22841
4.98209,6359.26936
5.11547,6296.83439
5.1916,6098.49233
5.26924,5848.46066
5.3926,5882.7742
5.38518,5641.37488
5.43757,5648.98068
5.51133,5554.98764
5.57887,5501.46395
5.65023,5345.58017
5.72509,5192.21209
5.79401,5146.70232
5.85535,5102.78939
5.91717,4998.95595
5.99258,4971.09197
6.04295,4741.41919
6.12139,4725.53875
6.19084,4597.03418
6.25164,4673.3914
6.31814,4457.1598
6.40292,4313.25379
6.45604,4307.24143
6.51595,4278.28506
6.59459,4093.16464
6.65729,4316.78323
6.72444,4118.65509
6.79662,4077.33686
6.8554,3960.10434
6.91453,3989.33683
6.96905,3762.85004
7.05548,3713.61098
7.1135,3897.2691
7.19466,3634.97224
7.24042,3674.10924
7.30408,3535.91503
7.393,3476.44893
7.47362,3518.75874
7.50921,3567.21874
7.61686,3384.75665
7.72599,3272.18627
7.74278,3256.26138
7.76926,3236.7921
7.83441,3344.21166
7.90464,3271.1914
7.9553,3372.87649
8.05706,3069.66959
8.12416,3209.22737
8.17854,3025.32895
8.25,3007.27033
8.3113,3015.49465
8.40934,2899.05162
8.4535,3065.33206
8.50983,3018.81657
8.5629,2921.55141
8.64798,2768.85557
8.71008,2814.27368
8.77749,2765.95086
8.85393,2746.71338
8.91578,2633.26133
8.9702,2597.40073
9.03035,2621.92244
9.09762,2672.76658
9.17139,2631.14001
9.24126,2701.11409
9.31911,2478.38196
9.36788,2576.76663
9.46179,2656.24091
9.51643,2599.20456
9.57948,2535.10123
9.65947,2356.90669
9.71126,2460.87196
9.78112,2524.1862
9.83903,2426.44152
9.91416,2400.13464
9.9775,2555.61234
10.0147,2329.14135
10.0393,2277.66315
10.0375,2540.25231
10.0351,2500.11899
10.0326,2435.75577
10.0304,2344.15591
10.0282,2359.61019
10.0264,2476.35878
10.0247,2402.70735
10.0232,2308.42024
10.0215,2497.9352
10.0202,2402.84355
10.019,442800.241
0.02618,414266.25
0.00359,479395.665
0.00337,461131.006
0.00317,456258.661
0.00308,530696.825
0.0031,532009.545
0.00301,506711.826
0.00294,550077.931
0.0028,607465.516
0.00276,607691.165
0.0027,635571.526
0.00268,627204.015
0.00269,636076.288
0.0026,569644.352
0.00256,622263.723
0.00255,586243.088
0.00256,610608.665
0.00247,563969.341
0.00246,622660.697
0.00249,622735.436
0.00258,649373.085
0.00246,645541.551
0.00242,686329.935
0.00242,758079.444
0.00239,753240.012
0.00233,737391.111
0.00238,783934.643
0.00232,808494.0
0.0024,812769.964
0.00234,824438.861
0.00234,726595.399
0.00233,711648.746
0.00226,670090.612
0.00324,786539.854
0.00558,756595.579
0.01055,20760.144
1.15673,6391.374
3.82062,28525.055
4.0582,6538.68294
3.82335,8110.25337
3.71769,9562.65276
4.06775,9015.01703
4.18283,8786.61412
4.2599,8284.66069
4.32686,8147.55851
4.39174,7895.10991
4.46477,7642.00629
4.53034,7261.89153
4.58924,7017.98124
4.71866,7023.5382
4.73048,6777.50335
4.80037,6554.59762
4.86135,6496.17992
4.91788,6341.99532
4.96801,6356.00855
5.00407,6070.75068
5.11878,6018.96848
5.18927,5937.00997
5.25493,5776.00696
5.32356,5508.99837
5.4659,5486.49699
5.47744,5541.64365
5.51129,5396.83069
5.58057,5534.85902
5.65385,5267.658
5.7218,5251.76733
5.79721,5100.1753
5.86889,4962.97047
5.92729,4925.08605
5.99183,4904.6817
6.05852,4772.51416
6.12016,4656.99967
6.19287,4623.93849
6.26159,4561.60319
6.33074,4433.40092
6.39331,4402.81705
6.46174,4334.27747
6.53117,4241.54673
6.58648,4098.48961
6.66885,4159.11459
6.7242,4136.43003
6.80516,3993.51213
6.8608,4053.02983
6.93006,4065.90758
6.98173,3866.051
7.05068,3889.46364
7.1339,3835.32771
7.19014,3632.02256
7.25924,3656.45718
7.31242,3573.91426
7.3799,3695.4557
7.46431,3450.04302
7.53154,3412.46142
7.59707,3334.50628
7.68882,3294.97407
7.75415,3378.92783
7.81039,3436.25979
7.8486,3259.62034
7.92772,3300.38918
7.9942,3210.07069
8.06402,3127.95889
8.14148,3010.07406
8.19654,2949.95863
8.25808,3114.8799
8.33979,3062.50489
8.39421,2949.57774
8.48464,3021.60132
8.53545,2857.26328
8.59036,2852.06045
8.65391,2870.68921
8.73312,2753.9362
8.80067,2853.95804
8.86616,2846.94481
8.94122,2761.07282
8.99561,2660.45797
9.05161,2854.06415
9.1196,2734.95594
9.19497,2704.1338
9.28174,2638.7504
9.33388,2747.28931
9.40013,2766.97806
9.45901,2495.20562
9.53954,2625.5297
9.60197,2467.605
9.66271,2465.01852
9.73452,2319.86423
9.79601,2460.27036
9.86694,2454.74439
9.93471,2420.44629
10.0006,2510.03679
10.0253,2401.14967
10.0262,2375.48976
10.0265,2675.13097
10.0253,2569.30763
10.0242,2466.59361
10.0231,2467.56281
10.0224,2472.62542
10.0217,2352.45516
10.0211,2411.14395
10.0204,2397.01891
10.02,2463.35694
10.0198,2343.36836
10.0191,2505.07388
10.0183,395271.773
0.00365,398228.452
0.0036,468024.687
0.00332,479488.663
0.00323,459656.774
0.00317,511673.47
0.00308,522391.693
0.00291,501858.644
0.00291,539440.417
0.00289,547310.575
0.00275,641045.755
0.00281,622316.782
0.00286,650250.317
0.00273,634876.316
0.00263,597638.681
0.00259,600292.196
0.00258,633846.753
0.00255,618881.037
0.00253,549747.112
0.00259,545788.48
0.00255,610262.092
0.00246,627693.916
0.00245,657946.71
0.00247,702621.175
0.00238,654232.722
0.00234,734999.495
0.0024,703887.052
0.00232,692842.455
0.00233,751104.508
0.0023,761593.069
0.00232,793089.449
0.00225,765311.636
0.00232,762236.043
0.00233,749797.507
0.00237,655752.777
0.00378,813755.632
0.00619,673407.816
0.01466,7610.82466
3.18766,22452.5381
4.88682,5269.19353
4.3274,10038.3587
4.92438,7717.70564
4.56308,7082.18784
4.78808,6960.44465
4.85131,6679.66529
4.91176,6475.60557
4.95727,6262.3876
5.05409,6220.37858
5.12223,6009.9095
5.18501,6019.50957
5.25156,5802.01735
5.32448,5657.76285
5.42497,5715.66269
5.41988,5705.62286
5.50302,5425.23461
5.57603,5241.39686
5.64599,5121.89616
5.71222,5191.59236
5.78287,5081.92105
5.85174,5075.63357
5.91646,5013.86132
5.9868,4883.91961
6.05261,4700.77462
6.11215,4614.98058
6.18384,4579.56202
6.24158,4541.88196
6.3198,4538.7498
6.35452,4246.37933
6.46976,4381.78031
6.51402,4238.25821
6.55898,4212.65982
6.64753,4034.74055
6.72718,4101.0845
6.78479,4004.36335
6.84356,3988.3264
6.89947,3798.1351
6.97581,3719.32334
7.04158,3877.93971
7.1058,3775.00281
7.17569,3762.0291
7.23384,3595.47192
7.3016,3442.82018
7.35526,3396.82682
7.4324,3395.57494
7.51176,3431.71388
7.57688,3373.64418
7.64391,3255.06042
7.72526,3325.98137
7.81171,3227.55392
7.84392,3108.87607
7.86504,3094.98149
7.93047,3113.57889
7.98938,3091.35171
8.05934,3168.20871
8.13429,2966.6197
8.21199,3030.34447
8.27188,3166.997
8.3276,2921.98803
8.41019,2956.14424
8.4713,2886.88907
8.56461,2859.76486
8.61402,2801.63628
8.66303,2849.03263
8.7179,2826.10662
8.80159,2738.17034
8.86945,2759.48582
8.93331,2748.72666
9.01932,2665.33497
9.07746,2674.86053
9.12553,2581.58189
9.18741,2636.0027
9.24679,2576.767
9.32114,2536.94207
9.39478,2571.64115
9.46993,2557.26854
9.53469,2575.11566
9.60571,2452.34424
9.68723,2483.60698
9.74733,2400.98365
9.81631,2468.02984
9.87239,2335.67236
9.93156,2461.55506
9.98673,2432.34684
10.0128,2366.70553
10.0196,2436.48282
10.0239,2403.05022
10.0303,2480.0351
10.0301,2410.28432
10.0303,2543.23886
10.0305,2276.70517
10.0309,2202.07437
10.0324,2323.19035
10.0339,2307.7013
10.0353,2868.13818
9.98365,400745.821
0.00347,429872.235
0.00335,512032.199
0.00321,482424.564
0.00317,478909.962
0.00297,534048.683
0.0029,499769.619
0.00289,509721.18
0.00272,533140.77
0.00273,609971.37
0.00267,605499.484
0.00261,597589.314
0.00246,636301.198
0.00248,609992.041
0.00247,605083.289
0.00244,613122.513
0.00244,665110.642
0.00248,685026.026
0.00239,595747.725
0.00245,554626.429
0.00232,609585.325
0.0022,646058.609
0.00223,705034.611
0.00226,818896.885
0.00232,720909.683
0.00228,666642.635
0.00225,737394.64
0.00221,792400.183
0.0022,839029.011
0.00215,887086.645
0.00221,866986.223
0.00208,820634.41
0.00219,742866.279
0.00217,699265.372
0.00214,685106.973
0.00201,737770.988
0.00206,778194.611
0.0021,693305.49
0.00219,687853.149
0.00211,694855.732
0.00213,725653.603
0.00213,732779.059
0.00194,751675.823
0.00206,645911.918
0.00298,678571.608
0.00517,744359.006
0.00913,87898.0988
0.46806,6185.05589
5.01874,9999.9028
5.44901,6723.56619
5.13231,6583.96606
5.56397,5915.09351
5.28023,5708.88041
5.46646,5477.4455
5.50241,5521.5215
5.54131,5376.59202
5.61732,5260.37099
5.68926,5265.10615
5.75748,5112.138
5.82785,5156.34407
5.89789,4952.14658
5.96561,4765.98929
6.02464,4742.05069
6.0988,4555.11071
6.15586,4646.49039
6.22583,4526.68074
6.29974,4361.65909
6.36122,4349.42576
6.42344,4205.45041
6.50989,4290.12718
6.55545,4184.21068
6.62602,4005.83605
6.71216,3998.37581
6.76659,3973.8877
6.83098,3986.31584
6.89833,3800.00499
6.95678,3934.93186
7.0326,3817.3335
7.08521,3824.97918
7.16289,3612.77534
7.2212,3690.25181
7.29964,3528.17807
7.35095,3496.79108
7.4159,3513.62768
7.50448,3539.36425
7.57505,3446.92962
7.64116,3291.0904
7.74716,3323.73442
7.7849,3270.07975
7.83204,3248.17085
7.88892,3306.99246
7.96287,3275.13831
8.02361,3015.34361
8.09848,3148.3851
8.17526,2999.75369
8.23358,3105.11283
8.29835,3016.41137
8.37532,2998.53031
8.42767,2878.31894
8.51441,3090.55369
8.56201,2896.13825
8.63111,2810.26178
8.6954,2957.51448
8.76456,2964.21358
8.83762,2842.78843
8.8973,2629.42197
8.97921,2780.46858
9.03256,2718.036
9.09039,2691.2344
9.16461,2716.72555
9.23354,2684.45823
9.29917,2589.59607
9.36866,2611.55125
9.43676,2619.25774
9.49954,2721.67857
9.57808,2469.0429
9.63159,2500.47509
9.70719,2496.28253
9.76731,2556.06325
9.83243,2421.65498
9.90422,2586.95707
9.96247,2393.28507
10.0272,2406.93483
10.0301,2402.57212
10.0289,2389.75462
10.0269,2547.19777
10.0246,2572.54099
10.0227,2524.96116
10.0211,2542.99267
10.0196,2418.94502
10.0184,2444.02171
10.0172,2412.06697
10.0161,2498.03129
10.015,387269.338
0.00331,462949.227
0.0033,463861.649
0.00311,496622.088
0.00298,518686.973
0.00284,520013.563
0.00276,479122.537
0.0027,497570.499
0.00259,607026.51
0.00255,586760.03
0.00252,584168.848
0.00245,614884.56
0.00245,588735.794
0.00244,630312.049
0.00232,607796.584
0.00235,609961.775
0.00239,684283.787
0.00232,697715.708
0.00228,654565.501
0.00227,634312.644
0.00224,604673.19
0.00225,691740.917
0.00226,630897.962
0.00225,606753.613
0.00219,686359.943
0.00211,741055.729
0.00201,763238.984
0.00221,763451.602
0.00214,921180.895
0.00215,906227.248
0.00215,818996.616
0.00392,827135.747
0.00712,417219.074
0.02684,8019.38729
3.47741,39373.6246
3.85257,18020.331
3.60948,12792.9138
4.03386,10427.6172
4.10314,10070.8221
3.85223,9504.17386
3.99746,9188.64539
4.07723,8845.9804
4.13156,8519.78941
4.21239,8113.98008
4.28153,7992.76436
4.34226,7795.29437
4.41277,7441.40077
4.47715,7091.36191
4.54667,6997.1236
4.61242,6973.14889
4.67464,6625.44563
4.7925,6677.12991
4.79862,6255.45709
4.87444,6308.99681
4.94203,6200.46138
5.00194,5999.15565
5.05357,5908.14917
5.0875,5812.3644
5.2016,5818.50159
5.27367,5437.7481
5.33649,5569.16605
5.40156,5247.5874
5.53809,5388.71004
5.56537,5244.67782
5.58711,5238.63654
5.66295,4995.49332
5.73463,5071.90532
5.80011,4868.22058
5.88099,4752.5618
5.95177,4735.37256
6.00944,4646.7224
6.07235,4676.43286
6.13505,4529.13394
6.204,4496.11794
6.27123,4376.63801
6.34001,4399.13957
6.41693,4187.71128
6.47063,4242.2138
6.54242,4147.74126
6.61771,4034.59554
6.674,4053.56358
6.74178,3959.28708
6.82284,3860.23658
6.87064,3784.26886
6.94546,3883.08901
7.01486,3882.06567
7.06928,3657.56513
7.13541,3638.97272
7.20739,3598.56255
7.27289,3630.97378
7.32728,3311.15859
7.4112,3387.10409
7.45622,3343.25449
7.52955,3421.97146
7.62411,3334.22633
7.6892,3151.86253
7.75585,3301.94191
7.82007,3125.39744
7.90974,3129.10256
7.94048,3274.38919
7.99049,3072.86036
8.07756,3060.39978
8.13903,3071.07052
8.21058,2869.86704
8.29437,2907.92589
8.3435,2868.03436
8.40976,2916.88227
8.49081,2831.28176
8.53985,2742.39568
8.63123,2767.44346
8.67949,2762.59674
8.73887,2742.01816
8.80371,2763.90023
8.87938,2851.41949
8.94481,2889.06283
9.01367,2596.14562
9.09258,2575.75112
9.14715,2600.89424
9.20461,2659.25579
9.2745,2568.73837
9.3423,2590.87132
9.41467,2520.81482
9.48646,2514.3483
9.53947,2495.76769
9.61305,2530.13137
9.68782,2281.56496
9.74916,2430.71907
9.81766,2343.4271
9.87585,2380.99143
9.9463,2204.47017
10.013,2477.91298
10.0336,2423.01807
10.0308,2374.43091
10.0279,2174.01018
10.0258,2349.42745
10.0258,2217.81664
10.026,2193.78404
10.0263,2290.3253
10.0264,2478.06858
10.0258,2287.57938
10.0249,2325.04404
10.0241,2301.13691
10.0241,2340.40351
10.0246,2607.34239
10.0223,383355.625
0.00326,431203.416
0.00325,512964.211
0.00305,503265.316
0.00297,462219.305
0.00287,519407.606
0.00279,495238.881
0.0027,473995.745
0.00272,486002.17
0.00259,592775.945
0.00254,625342.134
0.00247,622364.088
0.00242,618866.405
0.00235,616934.852
0.00232,591997.126
0.00228,619182.302
0.0022,635870.975
0.00217,573815.146
0.00219,574696.481
0.00225,594781.989
0.00217,544165.528
0.00212,548663.676
0.00213,550392.488
0.00205,571892.817
0.00203,629643.032
0.00211,591248.045
0.00201,600673.952
0.00194,667836.418
0.00206,700078.511
0.00198,785470.636
0.0019,797768.041
0.00193,812005.5
0.002,785374.574
0.00185,778506.791
0.00182,793311.806
0.00197,806154.789
0.00193,690638.816
0.00183,713983.646
0.00184,672514.872
0.00183,681735.308
0.00179,666609.022
0.00183,689202.947
0.00186,676404.417
0.00179,694109.581
0.00172,714844.752
0.00177,734204.953
0.00164,725511.194
0.0018,679396.395
0.00178,676716.825
0.00164,683985.682
0.00171,673615.075
0.00163,690607.388
0.00169,644763.56
0.00169,674205.159
0.00165,649791.492
0.0017,650156.503
0.00175,649682.571
0.0017,648477.469
0.00157,649158.469
0.00163,652596.82
0.00159,639309.798
0.00159,620307.419
0.00157,610128.901
0.00157,595078.083
0.00162,632103.905
0.00157,598945.046
0.00152,583264.28
0.00145,609477.604
0.00154,605730.173
0.0015,603470.912
0.00158,601200.909
0.00154,605082.123
0.0015,627397.464
0.00144,629646.1
0.0015,618646.98
0.00152,618620.134
0.00154,655720.491
0.00145,688637.96
0.00145,672605.397
0.0015,683841.109
0.00144,706843.327
0.00143,709528.23
0.00144,725532.886
0.00145,768101.209
0.00145,725654.184
0.00141,727187.484
0.00142,729326.301
0.0014,741626.847
0.00134,735144.772
0.00138,729067.223
0.00137,728782.222
0.00137,731494.237
0.00135,729463.177
0.00137,714619.987
0.00144,668763.879
0.00131,669558.348
0.00133,655776.178
0.00141,663397.525
0.0013,683460.594
0.00133,705768.414
0.00137,721892.301
0.00123,731175.566
0.00135,731555.537
0.00123,720449.445
0.00135,726212.438
0.00135,724805.66
0.00126,740717.792
0.00134,744575.027
0.00129,734648.408
0.00137,704413.544
0.0013,684021.703
0.00131,706764.819
0.0013,710653.104
0.00136,708229.962
0.0013,765723.879
0.00128,809548.416
0.00128,814304.598
0.0013,754490.28
0.0013,735870.157
0.00129,733710.043
0.00117,705708.547
0.00123,718550.727
0.00127,669657.132
0.00126,666840.349
0.00123,660447.654
0.00129,668198.08
0.00127,684896.675
0.00129,670914.379
0.00131,689429.212
0.00116,727469.514
0.00124,719878.082
0.00126,708328.55
0.00117,712210.076
0.00114,747452.021
0.00126,746761.95
0.00114,745482.978
0.00121,748442.231
0.00128,751507.94
0.00117,752945.444
0.00124,808433.177
0.00117,814909.222
0.001,818670.332
0.00113,813672.09
0.00115,803938.837
0.00112,800465.436
0.00113,798437.8
0.00113,806371.21
0.00113,823651.502
0.0011,844116.05
0.00119,867611.096
0.00115,862824.29
0.0012,878186.18
0.00117,886787.454
0.00112,872863.948
0.00117,873578.772
0.0011,867048.262
0.00109,871948.691
0.00113,872080.801
0.00108,870056.027
0.00113,864216.161
0.00102,858751.191
0.00107,867529.908
0.001,894043.468
0.00109,902104.675
0.0011,914721.465
0.00105,880665.29
0.00106,888952.969
0.00103,880333.538
0.0011,883355.087
0.00109,914888.532
0.00105,924271.326
0.00107,905658.422
0.00103,909656.015
0.00107,910207.225
0.00101,899084.74
0.0011,920508.039
0.00098,912660.639
0.001,939568.73
0.00099,989612.409
0.00102,1002222.52
0.00106,993858.563
0.0011,1019649.34
0.00102,1023626.26
0.00105,1027377.79
0.00109,1032392.66
0.001,1035321.79
0.00096,1029923.27
0.00098,1048957.74
0.00101,1018700.31
0.00102,1009288.81
0.00103,965964.887
0.001,947992.236
0.00102,940838.738
0.0011,949329.041
0.00102,961670.52
0.00108,944671.626
0.00096,930030.799
0.00108,986839.822
0.00096,995029.227
0.00105,932923.306
0.001,910221.889
0.00106,931395.232
0.00094,935120.278
0.00098,914673.593
0.00117,936024.855
0.00096,925985.375
0.00088,904686.454
0.00096,902658.02
0.00105,904385.733
0.00092,910129.734
0.00093,948397.128
0.00102,927639.347
0.00096,878290.509
0.00093,855361.991
0.00099,816351.636
0.00088,834289.225
0.00105,826337.077
0.00103,805960.916
0.00093,808026.007
0.00102,766012.722
0.00095,759953.805
0.00092,786684.23
0.00099,812164.173
0.00101,807673.129
0.00098,804628.605
0.00088,794367.839
0.00091,813177.436
0.00093,744497.032
0.00088,711482.033
0.001,700053.26
0.00101,696376.179
0.00092,701992.553
0.00098,699358.998
0.00087,697678.984
0.00093,723844.178
0.00099,700746.455
0.00084,700679.716
0.00088,710265.936
0.001,725665.304
0.001,731754.126
0.00087,728040.051
0.00091,706981.95
0.00087,715721.142
0.00087,723310.252
0.00095,705946.479
0.00095,733510.884
0.00092,761606.544
0.00085,753713.264
0.00087,759341.303
0.00093,752501.754
0.00091,782390.551
0.00085,767765.973
0.00087,781365.662
0.00079,760051.563
0.00093,767494.53
0.00085,783805.158
0.00093,745680.194
0.00084,713939.177
0.00092,710286.765
0.00094,706223.194
0.00086,717174.341
0.00084,739059.359
0.00092,740900.512
0.00087,760101.44
0.00088,747745.066
0.00086,753918.762
0.00087,768278.494
0.00094,773289.508
0.00095,758476.862
0.00087,747585.822
0.00079,753693.742
0.00086,756458.89
0.00086,750701.265
0.00082,745998.391
0.00091,725232.445
0.00081,731320.91
0.00089,726648.392
0.00091,729118.076
0.00093,715756.394
0.00085,711798.172
0.00089,703049.116
0.00099,707766.564
0.00089,709587.41
0.00088,708120.069
0.00098,715128.323
0.00095,710828.788
0.00084,711603.523
0.00087,716017.779
0.00084,717309.441
0.00085,712088.443
0.00085,713044.634
0.00085,713787.148
0.00085,714644.773
0.0008,715166.041
0.00085,716259.997
0.00085,713700.924
0.00086,713375.291
0.0008,715336.727
0.00092,714475.013
0.00091,706349.962
0.00079,711041.331
0.00082,712641.756
0.00077,708343.745
0.00082,697595.551
0.00073,696899.636
0.00084,701787.57
0.00082,703174.814
0.00082,689572.773
0.00087,672271.174
0.00086,669180.916
0.00085,664593.601
0.00073,665439.633
0.00079,669175.748
0.00075,668197.619
0.00078,669843.142
0.00072,668619.384
0.00081,667324.523
0.00085,672371.116
0.00079,672676.361
0.00075,676595.382
0.00071,682570.318
0.00073,675576.756
0.00068,676846.19
0.00078,680388.564
0.00074,684657.644
0.00078,688370.83
0.00071,684546.522
0.00075,687185.388
0.00067,692106.372
0.00073,720030.39
0.00077,740703.378
0.00086,723563.292
0.00078,705620.311
0.00072,713110.695
0.00081,717744.742
0.00079,718275.98
0.0008,710985.646
0.00072,695316.803
0.00075,685129.554
0.00077,682876.721
0.00071,690984.423
0.00078,690532.725
0.00077,682050.668
0.00082,678205.47
0.00072,648240.599
0.00066,646612.469
0.00068,640376.96
0.00074,622987.934
0.00073,619957.721
0.00075,621314.609
0.00082,634831.191
0.00077,642187.084
0.00074,636610.137
0.00078,641774.631
0.0007,646881.132
0.00082,657246.835
0.00078,658829.306
0.00077,650382.797
0.00074,650464.626
0.00066,643243.485
0.0007,646242.635
0.00081,645349.129
0.00082,646896.305
0.00066,647284.812
0.00078,644698.743
0.00085,647290.534
0.00072,646732.778
